pid,bl,tr,trial,condition,acc,drt
1,2,4,4,congruent,1,12
1,2,5,5,incongruent,1,15
1,2,15,15,congruent,1,14
1,2,17,17,incongruent,1,15
1,3,7,29,congruent,1,12
1,3,11,33,incongruent,1,13
1,3,19,41,congruent,1,11
1,4,4,48,incongruent,1,11
1,4,9,53,incongruent,1,11
1,4,13,57,congruent,1,8
1,4,14,58,congruent,1,9
1,5,7,73,incongruent,0,7
1,5,8,74,congruent,1,10
1,5,18,84,incongruent,1,15
1,5,19,85,congruent,1,13
1,6,4,92,congruent,1,12
1,6,5,93,congruent,1,12
1,6,9,97,incongruent,0,8
1,6,20,108,incongruent,1,11
1,7,9,119,congruent,1,6
1,7,15,125,incongruent,1,12
1,7,17,127,congruent,1,11
1,7,22,132,incongruent,1,15
1,8,1,133,blank,0,5
1,8,2,134,blank,1,14
1,8,3,135,blank,1,11
1,8,4,136,blank,1,11
1,8,5,137,blank,1,8
1,8,6,138,blank,1,7
1,8,7,139,blank,0,6
1,8,8,140,blank,1,10
1,8,9,141,blank,1,8
1,8,10,142,blank,0,8
1,8,11,143,blank,1,8
1,8,12,144,blank,1,12
1,8,13,145,blank,1,12
1,8,14,146,blank,1,9
1,8,15,147,blank,1,7
1,8,16,148,blank,1,10
1,8,17,149,blank,1,7
1,8,18,150,blank,1,7
1,8,19,151,blank,1,6
1,8,20,152,blank,1,7
1,8,21,153,blank,0,9
1,8,22,154,blank,1,10
1,9,9,163,congruent,1,9
1,9,15,169,incongruent,1,11
1,9,17,171,congruent,1,10
1,9,22,176,incongruent,1,11
1,10,7,183,incongruent,1,13
1,10,14,190,congruent,1,7
1,10,20,196,congruent,1,9
1,11,1,199,incongruent,1,14
1,11,6,204,congruent,1,11
1,11,16,214,congruent,1,9
1,11,18,216,incongruent,1,13
1,12,5,225,congruent,1,10
1,12,6,226,congruent,1,9
1,12,12,232,incongruent,1,13
1,12,16,236,incongruent,1,11
1,13,1,243,incongruent,1,13
1,13,4,246,congruent,1,10
1,13,15,257,incongruent,1,11
1,13,21,263,congruent,1,8
1,14,11,275,incongruent,1,9
1,14,12,276,congruent,1,8
1,14,16,280,congruent,1,7
1,14,22,286,incongruent,0,6
1,15,1,287,blank,1,7
1,15,2,288,blank,1,10
1,15,3,289,blank,0,9
1,15,4,290,blank,1,8
1,15,5,291,blank,1,9
1,15,6,292,blank,1,9
1,15,7,293,blank,1,7
1,15,8,294,blank,1,8
1,15,9,295,blank,1,9
1,15,10,296,blank,1,8
1,15,11,297,blank,1,9
1,15,12,298,blank,0,7
1,15,13,299,blank,1,11
1,15,14,300,blank,1,12
1,15,15,301,blank,1,11
1,15,16,302,blank,1,9
1,15,17,303,blank,1,10
1,15,18,304,blank,1,10
1,15,19,305,blank,1,10
1,15,20,306,blank,1,9
1,15,21,307,blank,1,8
1,15,22,308,blank,1,9
1,16,9,317,incongruent,1,11
1,16,11,319,congruent,1,10
1,16,15,323,congruent,1,8
1,16,18,326,incongruent,1,8
1,17,4,334,incongruent,1,9
1,17,9,339,congruent,1,11
1,17,17,347,incongruent,1,10
1,17,18,348,congruent,1,9
1,18,6,358,incongruent,0,7
1,18,12,364,congruent,1,8
1,18,13,365,congruent,1,8
1,18,21,373,incongruent,0,6
1,19,6,380,incongruent,1,9
1,19,11,385,congruent,1,11
1,19,12,386,incongruent,1,11
1,19,22,396,congruent,1,8
1,20,3,399,congruent,1,7
1,20,9,405,incongruent,0,8
1,20,19,415,incongruent,0,7
1,20,21,417,congruent,1,9
1,21,3,421,incongruent,1,11
1,21,6,424,incongruent,0,8
1,21,14,432,congruent,1,8
1,21,20,438,congruent,1,7
1,22,1,441,blank,1,8
1,22,2,442,blank,1,10
1,22,3,443,blank,1,11
1,22,4,444,blank,1,8
1,22,5,445,blank,1,9
1,22,6,446,blank,0,9
1,22,7,447,blank,1,8
1,22,8,448,blank,1,10
1,22,9,449,blank,1,10
1,22,10,450,blank,1,9
1,22,11,451,blank,1,9
1,22,12,452,blank,1,7
1,22,13,453,blank,1,9
1,22,14,454,blank,1,7
1,22,15,455,blank,1,8
1,22,16,456,blank,1,8
1,22,17,457,blank,1,8
1,22,18,458,blank,1,7
1,22,19,459,blank,1,6
1,22,20,460,blank,1,10
1,22,21,461,blank,1,9
1,22,22,462,blank,1,9
1,23,12,474,incongruent,1,9
1,23,13,475,incongruent,1,10
1,23,18,480,congruent,1,9
1,23,21,483,congruent,1,8
1,24,9,493,incongruent,1,11
1,24,11,495,incongruent,1,14
1,24,12,496,congruent,1,9
1,24,16,500,congruent,1,9
1,25,12,518,incongruent,1,10
1,25,15,521,congruent,1,7
1,25,18,524,incongruent,1,10
1,25,19,525,congruent,1,7
1,26,9,537,incongruent,1,13
1,26,10,538,congruent,1,8
1,26,11,539,incongruent,1,11
1,26,18,546,congruent,1,9
1,27,2,552,congruent,1,7
1,27,7,557,congruent,1,7
1,27,13,563,incongruent,0,7
1,27,20,570,incongruent,0,7
1,28,5,577,incongruent,1,10
1,28,11,583,congruent,1,10
1,28,14,586,incongruent,0,6
1,28,22,594,congruent,1,9
1,29,1,595,blank,1,9
1,29,2,596,blank,1,11
1,29,3,597,blank,1,9
1,29,4,598,blank,1,8
1,29,5,599,blank,1,8
1,29,6,600,blank,0,9
1,29,7,601,blank,1,8
1,29,8,602,blank,1,10
1,29,9,603,blank,1,9
1,29,10,604,blank,1,15
1,29,11,605,blank,1,8
1,29,12,606,blank,1,8
1,29,13,607,blank,1,8
1,29,14,608,blank,1,9
1,29,15,609,blank,1,8
1,29,16,610,blank,1,8
1,29,17,611,blank,1,9
1,29,18,612,blank,1,9
1,29,19,613,blank,1,8
1,29,20,614,blank,1,11
1,29,21,615,blank,1,10
1,29,22,616,blank,1,11
1,30,1,617,congruent,1,9
1,30,6,622,incongruent,1,11
1,30,12,628,congruent,1,9
1,30,22,638,incongruent,1,10
1,31,10,648,incongruent,0,6
1,31,16,654,congruent,1,8
1,31,18,656,congruent,1,8
1,31,19,657,incongruent,0,7
1,32,5,665,congruent,1,8
1,32,7,667,incongruent,1,12
1,32,12,672,incongruent,1,13
1,32,21,681,congruent,1,10
1,33,6,688,incongruent,0,7
1,33,7,689,incongruent,1,10
1,33,10,692,congruent,1,11
1,33,16,698,congruent,1,10
1,34,2,706,incongruent,0,6
1,34,4,708,incongruent,1,10
1,34,9,713,congruent,1,10
1,34,21,725,congruent,1,7
1,35,2,728,incongruent,0,6
1,35,7,733,congruent,1,11
1,35,12,738,incongruent,1,13
1,35,15,741,congruent,1,10
1,36,1,749,blank,1,8
1,36,2,750,blank,0,8
1,36,3,751,blank,1,11
1,36,4,752,blank,1,7
1,36,5,753,blank,1,9
1,36,6,754,blank,1,9
1,36,7,755,blank,1,8
1,36,8,756,blank,1,7
1,36,9,757,blank,1,10
1,36,10,758,blank,1,10
1,36,11,759,blank,1,11
1,36,12,760,blank,1,9
1,36,13,761,blank,1,9
1,36,14,762,blank,1,7
1,36,15,763,blank,1,10
1,36,16,764,blank,1,10
1,36,17,765,blank,0,9
1,36,18,766,blank,1,8
1,36,19,767,blank,1,8
1,36,20,768,blank,1,8
1,36,21,769,blank,1,9
1,37,2,772,incongruent,1,9
1,37,4,774,congruent,1,7
1,37,10,780,incongruent,1,13
1,37,20,790,congruent,1,9
1,38,7,799,incongruent,1,12
1,38,11,803,congruent,1,8
1,38,18,810,incongruent,1,11
1,38,19,811,congruent,1,10
1,39,8,822,incongruent,0,7
1,39,9,823,congruent,1,8
1,39,14,828,incongruent,1,11
1,39,17,831,congruent,1,13
1,40,2,838,congruent,1,7
1,40,6,842,incongruent,1,11
1,40,9,845,congruent,1,8
1,40,14,850,incongruent,0,6
1,41,4,862,incongruent,1,10
1,41,6,864,congruent,1,8
1,41,7,865,congruent,1,6
1,41,21,879,incongruent,1,11
1,42,7,887,incongruent,1,12
1,42,10,890,congruent,1,11
1,42,11,891,incongruent,1,10
1,42,21,901,congruent,1,8
1,43,1,903,blank,1,8
1,43,2,904,blank,1,10
1,43,3,905,blank,1,10
1,43,4,906,blank,1,10
1,43,5,907,blank,0,9
1,43,6,908,blank,1,10
1,43,7,909,blank,1,10
1,43,8,910,blank,1,10
1,43,9,911,blank,1,9
1,43,10,912,blank,1,10
1,43,11,913,blank,0,9
1,43,12,914,blank,1,8
1,43,13,915,blank,1,8
1,43,14,916,blank,1,10
1,43,15,917,blank,1,9
1,43,16,918,blank,1,8
1,43,17,919,blank,1,9
1,43,18,920,blank,1,10
1,43,19,921,blank,1,10
1,43,20,922,blank,1,11
1,43,21,923,blank,1,10
1,43,22,924,blank,1,10
1,44,4,928,congruent,1,10
1,44,8,932,incongruent,1,14
1,44,12,936,congruent,1,9
1,44,13,937,incongruent,1,12
1,45,1,947,congruent,1,8
1,45,13,959,incongruent,1,10
1,45,20,966,congruent,1,9
1,45,22,968,incongruent,1,10
1,46,5,973,congruent,1,9
1,46,8,976,incongruent,1,10
1,46,18,986,congruent,1,7
1,46,21,989,incongruent,1,10
1,47,1,991,congruent,1,6
1,47,2,992,incongruent,1,9
1,47,13,1003,congruent,1,9
1,47,21,1011,incongruent,0,7
1,48,2,1014,congruent,1,8
1,48,8,1020,congruent,1,6
1,48,15,1027,incongruent,1,10
1,48,16,1028,incongruent,1,10
1,49,2,1036,congruent,1,6
1,49,6,1040,congruent,1,7
1,49,7,1041,incongruent,0,6
1,49,11,1045,incongruent,1,12
1,50,1,1057,blank,1,10
1,50,2,1058,blank,1,10
1,50,3,1059,blank,0,9
1,50,4,1060,blank,1,9
1,50,5,1061,blank,1,8
1,50,6,1062,blank,1,10
1,50,7,1063,blank,1,10
1,50,8,1064,blank,1,10
1,50,9,1065,blank,1,10
1,50,10,1066,blank,1,12
1,50,11,1067,blank,1,10
1,50,12,1068,blank,1,10
1,50,13,1069,blank,1,9
1,50,14,1070,blank,1,9
1,50,15,1071,blank,1,10
1,50,16,1072,blank,1,11
1,50,17,1073,blank,1,11
1,50,18,1074,blank,1,10
1,50,19,1075,blank,1,8
1,50,20,1076,blank,1,8
1,50,21,1077,blank,1,9
1,50,22,1078,blank,1,8
1,51,6,1084,incongruent,1,10
1,51,9,1087,congruent,1,9
1,51,11,1089,incongruent,1,10
1,51,13,1091,congruent,1,11
1,52,1,1101,congruent,1,10
1,52,4,1104,incongruent,1,10
1,52,5,1105,congruent,1,9
1,52,10,1110,incongruent,1,11
1,53,5,1127,congruent,1,7
1,53,8,1130,incongruent,1,10
1,53,13,1135,congruent,1,6
1,53,14,1136,incongruent,0,7
1,54,12,1156,congruent,1,7
1,54,14,1158,incongruent,1,9
1,54,15,1159,incongruent,1,11
1,54,16,1160,congruent,1,12
1,55,11,1177,incongruent,1,11
1,55,16,1182,congruent,1,13
1,55,17,1183,incongruent,0,7
1,55,22,1188,congruent,1,9
1,56,2,1190,incongruent,1,11
1,56,4,1192,incongruent,1,10
1,56,12,1200,congruent,1,9
1,56,19,1207,congruent,1,7
1,57,1,1211,blank,1,11
1,57,2,1212,blank,1,8
1,57,3,1213,blank,1,10
1,57,4,1214,blank,1,9
1,57,5,1215,blank,1,10
1,57,6,1216,blank,1,9
1,57,7,1217,blank,1,10
1,57,8,1218,blank,1,10
1,57,9,1219,blank,1,10
1,57,10,1220,blank,1,10
1,57,11,1221,blank,1,8
1,57,12,1222,blank,1,10
1,57,13,1223,blank,1,10
1,57,14,1224,blank,1,9
1,57,15,1225,blank,1,10
1,57,16,1226,blank,0,8
1,57,17,1227,blank,1,11
1,57,18,1228,blank,1,9
1,57,19,1229,blank,1,7
1,57,20,1230,blank,1,11
1,57,21,1231,blank,1,9
1,57,22,1232,blank,1,9
1,58,4,1236,congruent,1,6
1,58,12,1244,incongruent,1,10
1,58,13,1245,congruent,1,9
1,58,17,1249,incongruent,1,12
1,59,6,1260,incongruent,0,7
1,59,7,1261,congruent,1,10
1,59,8,1262,congruent,1,8
1,59,22,1276,incongruent,1,10
1,60,4,1280,congruent,1,10
1,60,6,1282,congruent,1,8
1,60,8,1284,incongruent,1,11
1,60,19,1295,incongruent,1,12
1,61,1,1299,incongruent,1,10
1,61,5,1303,incongruent,1,14
1,61,7,1305,congruent,1,13
1,61,12,1310,congruent,1,8
1,62,3,1323,incongruent,0,6
1,62,8,1328,congruent,1,9
1,62,9,1329,incongruent,1,12
1,62,18,1338,congruent,1,11
1,63,4,1346,incongruent,1,12
1,63,17,1359,incongruent,1,12
1,63,20,1362,congruent,1,11
1,63,22,1364,congruent,1,7
1,64,1,1365,blank,1,10
1,64,2,1366,blank,1,9
1,64,3,1367,blank,1,10
1,64,4,1368,blank,1,10
1,64,5,1369,blank,1,9
1,64,6,1370,blank,1,8
1,64,7,1371,blank,1,8
1,64,8,1372,blank,1,9
1,64,9,1373,blank,1,9
1,64,10,1374,blank,1,9
1,64,11,1375,blank,1,8
1,64,12,1376,blank,1,9
1,64,13,1377,blank,1,10
1,64,14,1378,blank,1,9
1,64,15,1379,blank,1,11
1,64,16,1380,blank,1,7
1,64,17,1381,blank,1,13
1,64,18,1382,blank,1,10
1,64,19,1383,blank,1,9
1,64,20,1384,blank,1,10
1,64,21,1385,blank,1,9
1,64,22,1386,blank,1,10
1,65,2,1388,congruent,1,7
1,65,3,1389,congruent,1,6
1,65,5,1391,incongruent,1,10
1,65,22,1408,incongruent,1,11
1,66,9,1417,incongruent,1,13
1,66,14,1422,incongruent,1,11
1,66,22,1430,congruent,1,9
1,67,6,1436,congruent,1,11
1,67,18,1448,congruent,1,9
1,67,19,1449,incongruent,1,11
1,67,21,1451,incongruent,1,10
1,68,2,1454,incongruent,1,9
1,68,3,1455,congruent,1,7
1,68,18,1470,incongruent,1,12
1,68,21,1473,congruent,1,8
1,69,8,1482,congruent,1,8
1,69,13,1487,incongruent,1,10
1,69,17,1491,incongruent,1,12
1,69,20,1494,congruent,1,8
1,70,9,1505,incongruent,1,10
1,70,10,1506,congruent,1,9
1,70,20,1516,incongruent,1,9
1,71,1,1519,blank,1,8
1,71,2,1520,blank,1,10
1,71,3,1521,blank,1,10
1,71,4,1522,blank,1,9
1,71,5,1523,blank,1,10
1,71,6,1524,blank,1,9
1,71,7,1525,blank,1,9
1,71,8,1526,blank,0,9
1,71,9,1527,blank,1,9
1,71,10,1528,blank,1,10
1,71,11,1529,blank,1,9
1,71,12,1530,blank,1,10
1,71,13,1531,blank,1,8
1,71,14,1532,blank,1,11
1,71,15,1533,blank,1,8
1,71,16,1534,blank,1,10
1,71,17,1535,blank,1,10
1,71,18,1536,blank,1,10
1,71,19,1537,blank,1,10
1,71,20,1538,blank,1,9
1,71,21,1539,blank,1,10
1,71,22,1540,blank,1,9
2,2,9,9,incongruent,1,11
2,2,11,11,congruent,1,13
2,2,15,15,congruent,1,13
2,2,18,18,incongruent,1,14
2,3,4,26,incongruent,1,12
2,3,9,31,congruent,1,13
2,3,17,39,incongruent,1,14
2,4,6,50,incongruent,1,12
2,4,12,56,congruent,1,11
2,4,13,57,congruent,1,10
2,4,21,65,incongruent,1,12
2,5,6,72,incongruent,1,11
2,5,11,77,congruent,1,11
2,5,12,78,incongruent,1,10
2,5,22,88,congruent,1,12
2,6,3,91,congruent,1,6
2,6,9,97,incongruent,1,9
2,6,19,107,incongruent,1,9
2,6,21,109,congruent,1,11
2,7,3,113,incongruent,1,11
2,7,6,116,incongruent,0,6
2,7,14,124,congruent,1,14
2,7,20,130,congruent,1,8
2,8,1,133,blank,1,10
2,8,2,134,blank,1,9
2,8,3,135,blank,1,10
2,8,4,136,blank,1,8
2,8,5,137,blank,1,12
2,8,6,138,blank,1,9
2,8,7,139,blank,1,8
2,8,8,140,blank,1,10
2,8,9,141,blank,1,10
2,8,10,142,blank,1,8
2,8,11,143,blank,1,10
2,8,12,144,blank,1,8
2,8,13,145,blank,1,12
2,8,14,146,blank,1,8
2,8,15,147,blank,1,8
2,8,16,148,blank,0,6
2,8,17,149,blank,1,10
2,8,18,150,blank,1,9
2,8,19,151,blank,1,10
2,8,20,152,blank,1,10
2,8,21,153,blank,1,10
2,8,22,154,blank,1,10
2,9,3,157,incongruent,1,12
2,9,6,160,incongruent,1,12
2,9,14,168,congruent,1,13
2,9,20,174,congruent,1,6
2,10,12,188,incongruent,1,12
2,10,13,189,incongruent,1,11
2,10,18,194,congruent,1,13
2,10,21,197,congruent,1,8
2,11,9,207,incongruent,1,13
2,11,11,209,incongruent,1,10
2,11,12,210,congruent,1,5
2,11,16,214,congruent,1,7
2,12,12,232,incongruent,1,12
2,12,15,235,congruent,1,6
2,12,18,238,incongruent,1,12
2,12,19,239,congruent,1,11
2,13,9,251,incongruent,0,15
2,13,10,252,congruent,1,11
2,13,18,260,congruent,1,10
2,14,2,266,congruent,1,7
2,14,7,271,congruent,0,7
2,14,20,284,incongruent,1,14
2,15,1,287,blank,1,11
2,15,2,288,blank,1,11
2,15,3,289,blank,1,8
2,15,4,290,blank,0,8
2,15,5,291,blank,1,10
2,15,6,292,blank,1,10
2,15,7,293,blank,1,8
2,15,8,294,blank,0,9
2,15,9,295,blank,1,10
2,15,10,296,blank,1,9
2,15,11,297,blank,1,9
2,15,12,298,blank,1,9
2,15,13,299,blank,1,10
2,15,14,300,blank,1,10
2,15,15,301,blank,1,9
2,15,16,302,blank,1,10
2,15,17,303,blank,1,9
2,15,18,304,blank,1,11
2,15,19,305,blank,1,11
2,15,20,306,blank,1,10
2,15,21,307,blank,1,10
2,15,22,308,blank,1,9
2,16,5,313,incongruent,1,8
2,16,11,319,congruent,1,11
2,16,14,322,incongruent,1,13
2,16,22,330,congruent,1,11
2,17,1,331,congruent,1,10
2,17,6,336,incongruent,1,11
2,17,12,342,congruent,1,11
2,17,22,352,incongruent,1,11
2,18,10,362,incongruent,1,11
2,18,16,368,congruent,1,12
2,18,18,370,congruent,1,11
2,18,19,371,incongruent,1,11
2,19,5,379,congruent,1,8
2,19,7,381,incongruent,1,10
2,19,12,386,incongruent,1,13
2,19,21,395,congruent,1,10
2,20,6,402,incongruent,0,6
2,20,10,406,congruent,1,12
2,20,16,412,congruent,1,7
2,21,2,420,incongruent,1,13
2,21,4,422,incongruent,1,12
2,21,9,427,congruent,1,12
2,21,21,439,congruent,1,10
2,22,1,441,blank,1,10
2,22,2,442,blank,1,9
2,22,3,443,blank,0,9
2,22,4,444,blank,1,10
2,22,5,445,blank,1,10
2,22,6,446,blank,1,10
2,22,7,447,blank,1,10
2,22,8,448,blank,1,9
2,22,9,449,blank,1,9
2,22,10,450,blank,1,10
2,22,11,451,blank,1,9
2,22,12,452,blank,0,8
2,22,13,453,blank,1,10
2,22,14,454,blank,1,11
2,22,15,455,blank,1,10
2,22,16,456,blank,1,9
2,22,17,457,blank,1,8
2,22,18,458,blank,1,9
2,22,19,459,blank,1,9
2,22,20,460,blank,1,9
2,22,21,461,blank,1,12
2,22,22,462,blank,1,9
2,23,2,464,incongruent,1,13
2,23,7,469,congruent,1,12
2,23,12,474,incongruent,1,11
2,23,15,477,congruent,1,11
2,24,2,486,incongruent,1,14
2,24,4,488,congruent,1,12
2,24,10,494,incongruent,1,12
2,24,20,504,congruent,1,9
2,25,7,513,incongruent,0,15
2,25,11,517,congruent,1,11
2,25,18,524,incongruent,1,10
2,25,19,525,congruent,1,7
2,26,8,536,incongruent,1,13
2,26,9,537,congruent,1,10
2,26,14,542,incongruent,1,12
2,26,17,545,congruent,1,9
2,27,2,552,congruent,1,10
2,27,6,556,incongruent,1,10
2,27,9,559,congruent,1,9
2,27,14,564,incongruent,0,15
2,28,4,576,incongruent,1,13
2,28,6,578,congruent,1,8
2,28,7,579,congruent,1,10
2,28,21,593,incongruent,1,12
2,29,1,595,blank,1,12
2,29,2,596,blank,1,11
2,29,3,597,blank,1,10
2,29,4,598,blank,1,9
2,29,5,599,blank,1,8
2,29,6,600,blank,1,12
2,29,7,601,blank,1,11
2,29,8,602,blank,1,11
2,29,9,603,blank,1,12
2,29,10,604,blank,1,10
2,29,11,605,blank,1,11
2,29,12,606,blank,1,9
2,29,13,607,blank,1,9
2,29,14,608,blank,1,11
2,29,15,609,blank,1,9
2,29,16,610,blank,1,10
2,29,17,611,blank,1,10
2,29,18,612,blank,1,10
2,29,19,613,blank,1,10
2,29,20,614,blank,1,12
2,29,21,615,blank,1,10
2,29,22,616,blank,1,11
2,30,7,623,incongruent,1,10
2,30,10,626,congruent,1,10
2,30,11,627,incongruent,1,12
2,30,21,637,congruent,1,11
2,31,4,642,congruent,1,10
2,31,8,646,incongruent,1,14
2,31,12,650,congruent,1,13
2,31,13,651,incongruent,1,13
2,32,1,661,congruent,1,14
2,32,13,673,incongruent,1,10
2,32,20,680,congruent,1,10
2,32,22,682,incongruent,1,15
2,33,5,687,congruent,1,12
2,33,8,690,incongruent,1,11
2,33,18,700,congruent,1,11
2,33,21,703,incongruent,1,10
2,34,1,705,congruent,1,9
2,34,2,706,incongruent,1,12
2,34,13,717,congruent,1,10
2,34,21,725,incongruent,1,13
2,35,2,728,congruent,1,6
2,35,8,734,congruent,1,8
2,35,15,741,incongruent,1,11
2,35,16,742,incongruent,1,13
2,36,1,749,blank,1,10
2,36,2,750,blank,1,10
2,36,3,751,blank,1,10
2,36,4,752,blank,1,9
2,36,5,753,blank,1,12
2,36,6,754,blank,1,9
2,36,7,755,blank,1,10
2,36,8,756,blank,1,12
2,36,9,757,blank,1,9
2,36,10,758,blank,1,9
2,36,11,759,blank,1,10
2,36,12,760,blank,1,10
2,36,13,761,blank,1,9
2,36,14,762,blank,1,9
2,36,15,763,blank,1,10
2,36,16,764,blank,1,12
2,36,17,765,blank,1,10
2,36,18,766,blank,1,10
2,36,19,767,blank,1,10
2,36,20,768,blank,1,9
2,36,21,769,blank,1,9
2,36,22,770,blank,1,9
2,37,2,772,congruent,1,7
2,37,6,776,congruent,1,10
2,37,7,777,incongruent,1,10
2,37,11,781,incongruent,1,11
2,38,6,798,incongruent,1,10
2,38,9,801,congruent,1,11
2,38,11,803,incongruent,1,10
2,38,13,805,congruent,1,9
2,39,1,815,congruent,1,8
2,39,4,818,incongruent,1,10
2,39,5,819,congruent,1,11
2,39,10,824,incongruent,1,11
2,40,5,841,congruent,1,8
2,40,8,844,incongruent,1,11
2,40,13,849,congruent,1,9
2,40,14,850,incongruent,1,12
2,41,12,870,congruent,1,11
2,41,14,872,incongruent,1,9
2,41,15,873,incongruent,1,10
2,41,16,874,congruent,1,11
2,42,11,891,incongruent,1,14
2,42,16,896,congruent,1,7
2,42,17,897,incongruent,1,11
2,42,22,902,congruent,1,10
2,43,1,903,blank,1,11
2,43,2,904,blank,1,12
2,43,3,905,blank,1,10
2,43,4,906,blank,1,10
2,43,5,907,blank,1,11
2,43,6,908,blank,1,10
2,43,7,909,blank,1,10
2,43,8,910,blank,1,10
2,43,9,911,blank,1,10
2,43,10,912,blank,1,9
2,43,11,913,blank,1,11
2,43,12,914,blank,1,10
2,43,13,915,blank,1,9
2,43,14,916,blank,1,10
2,43,15,917,blank,1,10
2,43,16,918,blank,1,11
2,43,17,919,blank,1,10
2,43,18,920,blank,1,9
2,43,19,921,blank,1,9
2,43,20,922,blank,1,10
2,43,21,923,blank,1,8
2,43,22,924,blank,1,8
2,44,2,926,incongruent,1,11
2,44,4,928,incongruent,1,10
2,44,12,936,congruent,1,11
2,44,19,943,congruent,1,12
2,45,4,950,congruent,1,11
2,45,12,958,incongruent,1,12
2,45,13,959,congruent,1,11
2,45,17,963,incongruent,1,12
2,46,6,974,incongruent,1,13
2,46,7,975,congruent,1,12
2,46,8,976,congruent,1,11
2,46,22,990,incongruent,1,11
2,47,4,994,congruent,1,8
2,47,6,996,congruent,1,11
2,47,8,998,incongruent,1,12
2,47,19,1009,incongruent,1,12
2,48,1,1013,incongruent,1,11
2,48,5,1017,incongruent,1,11
2,48,7,1019,congruent,1,11
2,48,12,1024,congruent,1,10
2,49,3,1037,incongruent,1,11
2,49,8,1042,congruent,1,7
2,49,9,1043,incongruent,1,10
2,49,18,1052,congruent,1,7
2,50,1,1057,blank,1,12
2,50,2,1058,blank,1,10
2,50,3,1059,blank,1,11
2,50,4,1060,blank,1,11
2,50,5,1061,blank,1,9
2,50,6,1062,blank,1,11
2,50,7,1063,blank,1,10
2,50,8,1064,blank,1,9
2,50,9,1065,blank,1,9
2,50,10,1066,blank,1,9
2,50,11,1067,blank,0,9
2,50,12,1068,blank,1,11
2,50,13,1069,blank,1,13
2,50,14,1070,blank,1,9
2,50,15,1071,blank,1,10
2,50,16,1072,blank,1,11
2,50,17,1073,blank,1,10
2,50,18,1074,blank,1,12
2,50,19,1075,blank,1,15
2,50,20,1076,blank,1,10
2,50,21,1077,blank,1,11
2,50,22,1078,blank,1,9
2,51,4,1082,incongruent,1,12
2,51,17,1095,incongruent,1,11
2,51,20,1098,congruent,1,7
2,51,22,1100,congruent,1,10
2,52,2,1102,congruent,1,6
2,52,3,1103,congruent,1,7
2,52,5,1105,incongruent,0,5
2,52,22,1122,incongruent,1,11
2,53,9,1131,incongruent,1,11
2,53,14,1136,incongruent,1,12
2,53,17,1139,congruent,1,11
2,53,22,1144,congruent,1,10
2,54,6,1150,congruent,1,10
2,54,18,1162,congruent,1,10
2,54,19,1163,incongruent,1,11
2,54,21,1165,incongruent,1,10
2,55,2,1168,incongruent,1,12
2,55,3,1169,congruent,1,11
2,55,18,1184,incongruent,1,13
2,55,21,1187,congruent,1,11
2,56,8,1196,congruent,1,9
2,56,13,1201,incongruent,1,10
2,56,17,1205,incongruent,1,10
2,56,20,1208,congruent,1,9
2,57,1,1211,blank,1,13
2,57,2,1212,blank,1,9
2,57,3,1213,blank,1,11
2,57,4,1214,blank,1,10
2,57,5,1215,blank,1,9
2,57,6,1216,blank,1,14
2,57,7,1217,blank,1,10
2,57,8,1218,blank,1,11
2,57,9,1219,blank,1,8
2,57,10,1220,blank,1,8
2,57,11,1221,blank,1,9
2,57,12,1222,blank,1,11
2,57,13,1223,blank,1,9
2,57,14,1224,blank,1,9
2,57,15,1225,blank,1,11
2,57,16,1226,blank,1,10
2,57,17,1227,blank,1,10
2,57,18,1228,blank,1,10
2,57,19,1229,blank,1,10
2,57,20,1230,blank,1,9
2,57,21,1231,blank,0,9
2,57,22,1232,blank,1,10
2,58,9,1241,incongruent,1,10
2,58,10,1242,congruent,1,9
2,58,15,1247,congruent,1,10
2,58,20,1252,incongruent,1,10
2,59,12,1266,incongruent,1,11
2,59,13,1267,congruent,1,10
2,59,14,1268,congruent,1,11
2,59,15,1269,incongruent,1,14
2,60,1,1277,incongruent,1,11
2,60,3,1279,incongruent,1,10
2,60,9,1285,congruent,1,11
2,60,10,1286,congruent,1,8
2,61,2,1300,congruent,1,7
2,61,8,1306,incongruent,1,9
2,61,20,1318,incongruent,1,10
2,61,22,1320,congruent,1,7
2,62,12,1332,congruent,1,9
2,62,16,1336,congruent,1,10
2,62,21,1341,incongruent,0,5
2,62,22,1342,incongruent,1,13
2,63,2,1344,congruent,1,10
2,63,8,1350,congruent,1,10
2,63,11,1353,incongruent,0,6
2,63,18,1360,incongruent,1,11
2,64,1,1365,blank,1,15
2,64,2,1366,blank,1,10
2,64,3,1367,blank,1,10
2,64,4,1368,blank,1,9
2,64,5,1369,blank,1,9
2,64,6,1370,blank,1,10
2,64,7,1371,blank,1,9
2,64,8,1372,blank,1,10
2,64,9,1373,blank,1,9
2,64,10,1374,blank,1,8
2,64,11,1375,blank,1,9
2,64,12,1376,blank,1,9
2,64,13,1377,blank,1,10
2,64,14,1378,blank,1,9
2,64,15,1379,blank,1,12
2,64,16,1380,blank,1,10
2,64,17,1381,blank,1,9
2,64,18,1382,blank,1,9
2,64,19,1383,blank,1,9
2,64,20,1384,blank,1,9
2,64,21,1385,blank,1,11
2,64,22,1386,blank,1,11
2,65,5,1391,incongruent,1,14
2,65,9,1395,congruent,1,11
2,65,10,1396,incongruent,1,10
2,65,21,1407,congruent,1,10
2,66,5,1413,incongruent,1,12
2,66,8,1416,congruent,1,11
2,66,10,1418,incongruent,1,10
2,66,19,1427,congruent,1,10
2,67,1,1431,congruent,1,10
2,67,2,1432,incongruent,1,11
2,67,9,1439,incongruent,1,12
2,67,16,1446,congruent,1,9
2,68,1,1453,incongruent,1,10
2,68,4,1456,incongruent,1,11
2,68,9,1461,congruent,1,12
2,68,14,1466,congruent,1,9
2,69,1,1475,congruent,1,7
2,69,12,1486,incongruent,1,10
2,69,14,1488,incongruent,1,10
2,69,20,1494,congruent,1,10
2,70,6,1502,congruent,1,10
2,70,8,1504,congruent,1,6
2,70,9,1505,incongruent,0,6
2,70,16,1512,incongruent,1,10
2,71,1,1519,blank,1,12
2,71,2,1520,blank,1,11
2,71,3,1521,blank,1,10
2,71,4,1522,blank,1,9
2,71,5,1523,blank,1,10
2,71,6,1524,blank,1,9
2,71,7,1525,blank,1,14
2,71,8,1526,blank,1,9
2,71,9,1527,blank,1,10
2,71,10,1528,blank,1,10
2,71,11,1529,blank,1,10
2,71,12,1530,blank,1,10
2,71,13,1531,blank,1,10
2,71,14,1532,blank,1,10
2,71,15,1533,blank,1,11
2,71,16,1534,blank,1,10
2,71,17,1535,blank,1,10
2,71,18,1536,blank,1,10
2,71,19,1537,blank,1,9
2,71,20,1538,blank,1,10
2,71,21,1539,blank,1,10
2,71,22,1540,blank,1,13
3,2,9,9,incongruent,1,12
3,2,10,10,congruent,1,11
3,2,11,11,incongruent,1,12
3,2,18,18,congruent,1,14
3,3,2,24,congruent,1,6
3,3,7,29,congruent,1,12
3,3,20,42,incongruent,1,10
3,4,5,49,incongruent,1,15
3,4,11,55,congruent,1,8
3,4,22,66,congruent,1,5
3,5,1,67,congruent,1,5
3,5,6,72,incongruent,1,11
3,5,12,78,congruent,1,5
3,5,22,88,incongruent,1,12
3,6,18,106,congruent,1,8
3,7,5,115,congruent,1,13
3,7,7,117,incongruent,1,11
3,7,12,122,incongruent,0,6
3,7,21,131,congruent,1,12
3,8,1,133,blank,1,12
3,8,2,134,blank,1,11
3,8,3,135,blank,1,10
3,8,4,136,blank,1,8
3,8,5,137,blank,1,11
3,8,6,138,blank,1,8
3,8,7,139,blank,1,8
3,8,8,140,blank,1,7
3,8,9,141,blank,1,10
3,8,10,142,blank,1,9
3,8,11,143,blank,1,11
3,8,12,144,blank,1,11
3,8,13,145,blank,1,7
3,8,14,146,blank,1,6
3,8,15,147,blank,1,11
3,8,16,148,blank,1,8
3,8,17,149,blank,1,7
3,8,18,150,blank,1,10
3,8,19,151,blank,1,11
3,8,20,152,blank,1,9
3,8,21,153,blank,0,7
3,8,22,154,blank,1,9
3,9,5,159,congruent,1,7
3,9,12,166,incongruent,1,12
3,9,21,175,congruent,1,12
3,10,6,182,incongruent,1,14
3,10,16,192,congruent,1,5
3,11,2,200,incongruent,0,5
3,11,4,202,incongruent,0,5
3,11,9,207,congruent,1,7
3,11,21,219,congruent,1,9
3,12,2,222,incongruent,0,4
3,12,7,227,congruent,1,8
3,12,12,232,incongruent,1,11
3,12,15,235,congruent,1,9
3,13,2,244,incongruent,0,6
3,13,4,246,congruent,1,7
3,13,10,252,incongruent,1,15
3,13,20,262,congruent,1,8
3,14,7,271,incongruent,0,6
3,14,11,275,congruent,1,10
3,14,18,282,incongruent,1,14
3,14,19,283,congruent,1,9
3,15,1,287,blank,1,13
3,15,2,288,blank,1,12
3,15,3,289,blank,1,8
3,15,4,290,blank,1,13
3,15,5,291,blank,1,10
3,15,6,292,blank,1,7
3,15,7,293,blank,0,7
3,15,8,294,blank,1,11
3,15,9,295,blank,1,14
3,15,10,296,blank,1,10
3,15,11,297,blank,1,12
3,15,12,298,blank,1,12
3,15,13,299,blank,1,12
3,15,14,300,blank,1,10
3,15,15,301,blank,1,10
3,15,16,302,blank,1,10
3,15,17,303,blank,1,12
3,15,19,305,blank,1,8
3,15,20,306,blank,1,8
3,15,21,307,blank,1,9
3,15,22,308,blank,1,10
3,16,8,316,incongruent,1,10
3,16,9,317,congruent,1,8
3,16,14,322,incongruent,1,13
3,16,17,325,congruent,1,6
3,17,2,332,congruent,1,5
3,17,6,336,incongruent,1,11
3,17,9,339,congruent,1,9
3,17,14,344,incongruent,0,8
3,18,4,356,incongruent,1,12
3,18,6,358,congruent,1,6
3,18,7,359,congruent,1,7
3,18,21,373,incongruent,1,12
3,19,7,381,incongruent,1,11
3,19,10,384,congruent,1,9
3,19,11,385,incongruent,1,13
3,19,21,395,congruent,1,7
3,20,4,400,congruent,1,9
3,20,8,404,incongruent,0,9
3,20,12,408,congruent,1,15
3,21,1,419,congruent,1,12
3,21,13,431,incongruent,1,10
3,21,20,438,congruent,1,6
3,22,1,441,blank,1,11
3,22,2,442,blank,1,9
3,22,3,443,blank,1,8
3,22,4,444,blank,1,9
3,22,5,445,blank,1,8
3,22,6,446,blank,1,9
3,22,7,447,blank,1,9
3,22,8,448,blank,1,11
3,22,9,449,blank,1,9
3,22,10,450,blank,1,8
3,22,11,451,blank,1,8
3,22,12,452,blank,1,14
3,22,13,453,blank,1,12
3,22,14,454,blank,1,9
3,22,15,455,blank,1,10
3,22,16,456,blank,1,10
3,22,17,457,blank,1,11
3,22,18,458,blank,1,11
3,22,19,459,blank,1,10
3,22,20,460,blank,1,10
3,22,21,461,blank,1,9
3,22,22,462,blank,1,9
3,23,5,467,congruent,1,6
3,23,8,470,incongruent,1,13
3,23,18,480,congruent,1,9
3,23,21,483,incongruent,1,13
3,24,1,485,congruent,1,6
3,24,2,486,incongruent,1,11
3,24,13,497,congruent,1,9
3,24,21,505,incongruent,1,11
3,25,2,508,congruent,1,8
3,25,8,514,congruent,1,7
3,25,15,521,incongruent,0,8
3,26,2,530,congruent,1,12
3,26,6,534,congruent,1,9
3,26,7,535,incongruent,0,6
3,26,11,539,incongruent,0,5
3,27,6,556,incongruent,1,12
3,27,9,559,congruent,1,9
3,27,11,561,incongruent,1,13
3,27,13,563,congruent,1,11
3,28,1,573,congruent,1,10
3,28,4,576,incongruent,1,15
3,28,5,577,congruent,1,9
3,28,10,582,incongruent,1,13
3,29,1,595,blank,1,10
3,29,2,596,blank,1,11
3,29,3,597,blank,1,12
3,29,4,598,blank,1,10
3,29,5,599,blank,1,10
3,29,6,600,blank,1,12
3,29,7,601,blank,1,9
3,29,8,602,blank,1,11
3,29,9,603,blank,1,10
3,29,10,604,blank,1,11
3,29,11,605,blank,1,10
3,29,12,606,blank,1,10
3,29,13,607,blank,1,10
3,29,14,608,blank,1,9
3,29,15,609,blank,1,10
3,29,16,610,blank,1,10
3,29,17,611,blank,1,11
3,29,18,612,blank,1,9
3,29,19,613,blank,1,11
3,29,20,614,blank,1,11
3,29,21,615,blank,1,13
3,30,5,621,congruent,1,7
3,30,8,624,incongruent,0,7
3,30,13,629,congruent,1,9
3,30,14,630,incongruent,1,14
3,31,12,650,congruent,1,10
3,31,14,652,incongruent,1,14
3,31,15,653,incongruent,0,6
3,31,16,654,congruent,1,10
3,32,11,671,incongruent,0,6
3,32,16,676,congruent,1,8
3,32,17,677,incongruent,0,5
3,32,22,682,congruent,1,6
3,33,2,684,incongruent,0,5
3,33,4,686,incongruent,1,11
3,33,12,694,congruent,1,9
3,33,19,701,congruent,1,8
3,34,4,708,congruent,1,7
3,34,12,716,incongruent,0,7
3,34,13,717,congruent,1,6
3,35,6,732,incongruent,0,7
3,35,7,733,congruent,1,6
3,35,8,734,congruent,1,3
3,35,22,748,incongruent,1,12
3,36,1,749,blank,1,11
3,36,2,750,blank,1,8
3,36,3,751,blank,1,8
3,36,4,752,blank,1,10
3,36,5,753,blank,1,9
3,36,6,754,blank,1,9
3,36,7,755,blank,1,9
3,36,8,756,blank,1,9
3,36,9,757,blank,1,9
3,36,10,758,blank,1,9
3,36,11,759,blank,1,9
3,36,12,760,blank,1,9
3,36,13,761,blank,1,9
3,36,14,762,blank,1,12
3,36,15,763,blank,1,12
3,36,16,764,blank,1,10
3,36,17,765,blank,1,9
3,36,18,766,blank,1,12
3,36,19,767,blank,1,12
3,36,20,768,blank,1,11
3,36,21,769,blank,1,10
3,36,22,770,blank,1,9
3,37,4,774,congruent,1,5
3,37,6,776,congruent,1,5
3,37,8,778,incongruent,0,4
3,37,19,789,incongruent,0,7
3,38,1,793,incongruent,1,13
3,38,5,797,incongruent,1,11
3,38,7,799,congruent,1,8
3,38,12,804,congruent,1,9
3,39,3,817,incongruent,0,9
3,39,8,822,congruent,1,9
3,39,9,823,incongruent,0,6
3,39,18,832,congruent,1,7
3,40,4,840,incongruent,0,7
3,40,17,853,incongruent,1,13
3,40,20,856,congruent,1,9
3,40,22,858,congruent,1,9
3,41,2,860,congruent,1,5
3,41,3,861,congruent,1,5
3,41,5,863,incongruent,1,12
3,41,22,880,incongruent,0,7
3,42,9,889,incongruent,1,12
3,42,14,894,incongruent,1,12
3,42,17,897,congruent,1,12
3,42,22,902,congruent,1,10
3,43,1,903,blank,1,10
3,43,2,904,blank,1,10
3,43,3,905,blank,1,11
3,43,4,906,blank,1,9
3,43,5,907,blank,1,9
3,43,6,908,blank,1,10
3,43,7,909,blank,1,9
3,43,8,910,blank,1,9
3,43,9,911,blank,1,9
3,43,10,912,blank,1,9
3,43,11,913,blank,1,8
3,43,12,914,blank,1,9
3,43,13,915,blank,1,10
3,43,14,916,blank,1,10
3,43,15,917,blank,1,10
3,43,16,918,blank,1,10
3,43,17,919,blank,1,8
3,43,18,920,blank,1,8
3,43,19,921,blank,1,10
3,43,20,922,blank,1,9
3,43,21,923,blank,1,9
3,43,22,924,blank,1,10
3,44,6,930,congruent,1,7
3,44,18,942,congruent,1,11
3,44,21,945,incongruent,1,12
3,45,2,948,incongruent,0,7
3,45,3,949,congruent,1,10
3,45,18,964,incongruent,0,7
3,45,21,967,congruent,1,9
3,46,8,976,congruent,1,6
3,46,13,981,incongruent,1,14
3,46,17,985,incongruent,1,11
3,46,20,988,congruent,1,7
3,47,9,999,incongruent,1,10
3,47,10,1000,congruent,1,4
3,47,15,1005,congruent,1,8
3,47,20,1010,incongruent,1,11
3,48,12,1024,incongruent,1,9
3,48,13,1025,congruent,1,6
3,48,14,1026,congruent,1,6
3,48,15,1027,incongruent,0,6
3,49,1,1035,incongruent,1,13
3,49,3,1037,incongruent,0,5
3,49,9,1043,congruent,1,9
3,49,10,1044,congruent,1,9
3,50,2,1058,blank,1,12
3,50,3,1059,blank,1,10
3,50,4,1060,blank,1,9
3,50,5,1061,blank,1,8
3,50,6,1062,blank,1,8
3,50,7,1063,blank,1,11
3,50,8,1064,blank,1,11
3,50,9,1065,blank,1,10
3,50,10,1066,blank,1,8
3,50,11,1067,blank,1,10
3,50,12,1068,blank,1,10
3,50,13,1069,blank,1,9
3,50,14,1070,blank,1,10
3,50,15,1071,blank,1,10
3,50,16,1072,blank,1,10
3,50,17,1073,blank,1,10
3,50,18,1074,blank,1,10
3,50,19,1075,blank,1,10
3,50,20,1076,blank,1,9
3,50,21,1077,blank,1,14
3,50,22,1078,blank,1,15
3,51,2,1080,congruent,1,7
3,51,8,1086,incongruent,1,13
3,51,20,1098,incongruent,1,11
3,51,22,1100,congruent,1,6
3,52,12,1112,congruent,1,9
3,52,16,1116,congruent,1,10
3,52,21,1121,incongruent,0,7
3,52,22,1122,incongruent,1,12
3,53,2,1124,congruent,1,8
3,53,8,1130,congruent,1,8
3,53,11,1133,incongruent,0,7
3,53,18,1140,incongruent,0,7
3,54,5,1149,incongruent,0,7
3,54,9,1153,congruent,1,10
3,54,10,1154,incongruent,0,10
3,54,21,1165,congruent,1,7
3,55,5,1171,incongruent,1,11
3,55,8,1174,congruent,1,6
3,55,10,1176,incongruent,0,6
3,55,19,1185,congruent,1,9
3,56,1,1189,congruent,0,11
3,56,2,1190,incongruent,0,7
3,56,9,1197,incongruent,0,6
3,56,16,1204,congruent,1,7
3,57,1,1211,blank,1,12
3,57,2,1212,blank,1,9
3,57,3,1213,blank,1,11
3,57,4,1214,blank,1,10
3,57,5,1215,blank,1,11
3,57,6,1216,blank,1,8
3,57,7,1217,blank,1,11
3,57,8,1218,blank,1,13
3,57,9,1219,blank,1,10
3,57,10,1220,blank,1,9
3,57,11,1221,blank,1,8
3,57,12,1222,blank,1,8
3,57,13,1223,blank,1,8
3,57,14,1224,blank,1,12
3,57,15,1225,blank,1,10
3,57,16,1226,blank,1,9
3,57,17,1227,blank,1,10
3,57,18,1228,blank,1,10
3,57,19,1229,blank,1,9
3,57,20,1230,blank,1,10
3,57,21,1231,blank,1,13
3,57,22,1232,blank,1,10
3,58,4,1236,incongruent,0,5
3,58,9,1241,congruent,1,11
3,58,14,1246,congruent,1,8
3,59,1,1255,congruent,1,8
3,59,12,1266,incongruent,1,12
3,59,14,1268,incongruent,1,13
3,59,20,1274,congruent,1,12
3,60,6,1282,congruent,1,8
3,60,8,1284,congruent,1,7
3,60,9,1285,incongruent,1,10
3,60,16,1292,incongruent,1,12
3,61,2,1300,incongruent,0,6
3,61,3,1301,congruent,1,9
3,61,19,1317,congruent,1,5
3,61,20,1318,incongruent,0,4
3,62,12,1332,incongruent,1,12
3,62,15,1335,incongruent,1,10
3,62,17,1337,congruent,1,7
3,62,22,1342,congruent,1,12
3,63,1,1343,congruent,1,12
3,63,9,1351,congruent,1,7
3,63,12,1354,incongruent,1,12
3,63,20,1362,incongruent,1,12
3,64,1,1365,blank,1,14
3,64,2,1366,blank,1,11
3,64,3,1367,blank,1,9
3,64,4,1368,blank,1,9
3,64,5,1369,blank,1,10
3,64,6,1370,blank,1,8
3,64,7,1371,blank,1,9
3,64,8,1372,blank,1,13
3,64,9,1373,blank,1,10
3,64,10,1374,blank,1,10
3,64,11,1375,blank,1,11
3,64,12,1376,blank,1,9
3,64,13,1377,blank,1,10
3,64,14,1378,blank,1,9
3,64,15,1379,blank,1,12
3,64,16,1380,blank,1,9
3,64,17,1381,blank,1,11
3,64,18,1382,blank,1,11
3,64,19,1383,blank,1,10
3,64,20,1384,blank,1,8
3,64,21,1385,blank,1,10
3,64,22,1386,blank,0,7
3,65,13,1399,congruent,1,9
3,65,15,1401,incongruent,1,14
3,65,18,1404,incongruent,0,7
3,65,20,1406,congruent,1,11
3,66,3,1411,incongruent,1,12
3,66,7,1415,incongruent,1,13
3,66,10,1418,congruent,1,15
3,66,16,1424,congruent,1,11
3,67,4,1434,incongruent,1,11
3,67,7,1437,congruent,1,7
3,67,10,1440,incongruent,1,13
3,67,20,1450,congruent,1,9
3,68,3,1455,congruent,1,6
3,68,12,1464,congruent,1,9
3,68,13,1465,incongruent,1,15
3,68,19,1471,incongruent,1,13
3,69,6,1480,congruent,1,9
3,69,12,1486,congruent,1,5
3,69,16,1490,incongruent,1,9
3,69,22,1496,incongruent,0,7
3,70,2,1498,incongruent,0,6
3,70,11,1507,incongruent,1,10
3,70,16,1512,congruent,1,8
3,71,1,1519,blank,1,11
3,71,2,1520,blank,1,10
3,71,3,1521,blank,1,9
3,71,4,1522,blank,1,9
3,71,5,1523,blank,1,11
3,71,6,1524,blank,1,10
3,71,7,1525,blank,1,8
3,71,8,1526,blank,1,8
3,71,10,1528,blank,1,10
3,71,11,1529,blank,1,10
3,71,12,1530,blank,1,9
3,71,13,1531,blank,1,7
3,71,14,1532,blank,1,5
3,71,15,1533,blank,1,10
3,71,16,1534,blank,1,9
3,71,17,1535,blank,1,8
3,71,18,1536,blank,1,7
3,71,19,1537,blank,1,9
3,71,20,1538,blank,0,8
3,71,21,1539,blank,1,9
3,71,22,1540,blank,1,8
4,2,7,7,incongruent,1,11
4,2,11,11,congruent,1,10
4,2,18,18,incongruent,1,10
4,2,19,19,congruent,1,9
4,3,8,30,incongruent,1,10
4,3,9,31,congruent,1,7
4,3,14,36,incongruent,1,11
4,3,17,39,congruent,1,8
4,4,2,46,congruent,1,8
4,4,6,50,incongruent,1,9
4,4,9,53,congruent,1,9
4,4,14,58,incongruent,0,7
4,5,4,70,incongruent,1,12
4,5,6,72,congruent,1,10
4,5,7,73,congruent,1,10
4,5,21,87,incongruent,1,12
4,6,7,95,incongruent,1,10
4,6,10,98,congruent,1,10
4,6,11,99,incongruent,1,13
4,6,21,109,congruent,1,9
4,7,4,114,congruent,1,11
4,7,8,118,incongruent,1,11
4,7,12,122,congruent,1,13
4,7,13,123,incongruent,1,10
4,8,1,133,blank,1,9
4,8,2,134,blank,1,10
4,8,3,135,blank,1,9
4,8,4,136,blank,1,10
4,8,5,137,blank,1,10
4,8,6,138,blank,1,9
4,8,7,139,blank,1,11
4,8,8,140,blank,1,9
4,8,9,141,blank,1,10
4,8,10,142,blank,1,10
4,8,11,143,blank,1,9
4,8,12,144,blank,1,9
4,8,13,145,blank,1,10
4,8,14,146,blank,1,10
4,8,15,147,blank,1,10
4,8,16,148,blank,1,9
4,8,17,149,blank,1,9
4,8,18,150,blank,1,10
4,8,19,151,blank,0,8
4,8,20,152,blank,1,12
4,8,21,153,blank,1,10
4,8,22,154,blank,1,9
4,9,4,158,congruent,1,8
4,9,8,162,incongruent,1,13
4,9,12,166,congruent,1,11
4,9,13,167,incongruent,1,12
4,10,1,177,congruent,1,9
4,10,13,189,incongruent,1,10
4,10,20,196,congruent,1,9
4,10,22,198,incongruent,1,12
4,11,5,203,congruent,1,9
4,11,8,206,incongruent,1,11
4,11,18,216,congruent,1,9
4,11,21,219,incongruent,1,11
4,12,1,221,congruent,1,9
4,12,2,222,incongruent,1,10
4,12,13,233,congruent,1,9
4,12,21,241,incongruent,1,10
4,13,2,244,congruent,1,8
4,13,8,250,congruent,1,9
4,13,15,257,incongruent,1,10
4,13,16,258,incongruent,1,11
4,14,2,266,congruent,1,7
4,14,6,270,congruent,1,9
4,14,7,271,incongruent,1,10
4,14,11,275,incongruent,1,15
4,15,1,287,blank,1,9
4,15,2,288,blank,1,10
4,15,3,289,blank,1,8
4,15,4,290,blank,1,9
4,15,5,291,blank,1,9
4,15,6,292,blank,1,9
4,15,7,293,blank,1,8
4,15,8,294,blank,1,9
4,15,9,295,blank,1,11
4,15,10,296,blank,1,10
4,15,11,297,blank,1,8
4,15,12,298,blank,1,8
4,15,13,299,blank,1,9
4,15,14,300,blank,1,8
4,15,15,301,blank,1,9
4,15,16,302,blank,1,9
4,15,17,303,blank,1,10
4,15,18,304,blank,1,8
4,15,19,305,blank,1,8
4,15,20,306,blank,1,13
4,15,21,307,blank,1,10
4,15,22,308,blank,0,7
4,16,6,314,incongruent,1,10
4,16,9,317,congruent,1,8
4,16,11,319,incongruent,1,12
4,16,13,321,congruent,1,9
4,17,1,331,congruent,1,9
4,17,4,334,incongruent,1,11
4,17,5,335,congruent,1,8
4,17,10,340,incongruent,1,10
4,18,5,357,congruent,1,10
4,18,8,360,incongruent,1,11
4,18,13,365,congruent,1,7
4,18,14,366,incongruent,1,11
4,19,12,386,congruent,1,7
4,19,14,388,incongruent,1,9
4,19,15,389,incongruent,1,10
4,19,16,390,congruent,1,10
4,20,11,407,incongruent,1,13
4,20,17,413,incongruent,0,15
4,20,22,418,congruent,1,7
4,21,2,420,incongruent,0,4
4,21,4,422,incongruent,1,10
4,21,12,430,congruent,1,9
4,21,19,437,congruent,1,8
4,22,1,441,blank,1,9
4,22,2,442,blank,1,12
4,22,3,443,blank,1,9
4,22,4,444,blank,1,9
4,22,5,445,blank,1,9
4,22,6,446,blank,1,12
4,22,7,447,blank,1,10
4,22,8,448,blank,1,9
4,22,9,449,blank,1,9
4,22,10,450,blank,1,9
4,22,11,451,blank,1,10
4,22,12,452,blank,1,9
4,22,13,453,blank,1,9
4,22,14,454,blank,0,8
4,22,15,455,blank,1,10
4,22,16,456,blank,1,9
4,22,17,457,blank,1,10
4,22,18,458,blank,1,10
4,22,19,459,blank,1,9
4,22,20,460,blank,1,9
4,22,21,461,blank,1,9
4,22,22,462,blank,0,8
4,23,4,466,congruent,1,5
4,23,12,474,incongruent,1,15
4,23,13,475,congruent,1,8
4,23,17,479,incongruent,1,12
4,24,6,490,incongruent,0,11
4,24,7,491,congruent,1,12
4,24,8,492,congruent,1,10
4,24,22,506,incongruent,1,9
4,25,4,510,congruent,1,9
4,25,6,512,congruent,1,6
4,25,8,514,incongruent,1,12
4,25,19,525,incongruent,1,9
4,26,1,529,incongruent,1,10
4,26,5,533,incongruent,1,11
4,26,7,535,congruent,1,10
4,26,12,540,congruent,1,9
4,27,3,553,incongruent,1,13
4,27,8,558,congruent,1,10
4,27,9,559,incongruent,1,13
4,27,18,568,congruent,1,8
4,28,4,576,incongruent,1,10
4,28,17,589,incongruent,1,12
4,28,20,592,congruent,1,9
4,28,22,594,congruent,1,10
4,29,1,595,blank,1,9
4,29,2,596,blank,1,9
4,29,3,597,blank,1,10
4,29,4,598,blank,1,8
4,29,5,599,blank,1,9
4,29,6,600,blank,1,10
4,29,7,601,blank,1,9
4,29,8,602,blank,1,9
4,29,9,603,blank,1,10
4,29,10,604,blank,1,9
4,29,11,605,blank,1,9
4,29,12,606,blank,1,10
4,29,13,607,blank,1,8
4,29,14,608,blank,0,8
4,29,15,609,blank,1,9
4,29,16,610,blank,1,9
4,29,17,611,blank,1,9
4,29,18,612,blank,1,8
4,29,19,613,blank,1,10
4,29,20,614,blank,0,7
4,29,21,615,blank,1,11
4,29,22,616,blank,1,9
4,30,2,618,congruent,1,7
4,30,3,619,congruent,1,9
4,30,5,621,incongruent,1,10
4,30,22,638,incongruent,1,11
4,31,9,647,incongruent,0,5
4,31,14,652,incongruent,1,9
4,31,17,655,congruent,1,8
4,31,22,660,congruent,1,10
4,32,6,666,congruent,1,9
4,32,18,678,congruent,1,5
4,32,19,679,incongruent,1,12
4,32,21,681,incongruent,0,6
4,33,2,684,incongruent,1,12
4,33,3,685,congruent,1,9
4,33,18,700,incongruent,1,14
4,33,21,703,congruent,1,9
4,34,8,712,congruent,1,10
4,34,13,717,incongruent,1,10
4,34,17,721,incongruent,1,11
4,34,20,724,congruent,1,9
4,35,9,735,incongruent,1,10
4,35,10,736,congruent,1,9
4,35,15,741,congruent,1,9
4,35,20,746,incongruent,1,9
4,36,1,749,blank,1,10
4,36,2,750,blank,1,10
4,36,3,751,blank,1,10
4,36,4,752,blank,1,10
4,36,5,753,blank,1,9
4,36,6,754,blank,1,9
4,36,7,755,blank,1,8
4,36,8,756,blank,1,8
4,36,9,757,blank,1,10
4,36,10,758,blank,1,10
4,36,11,759,blank,1,10
4,36,12,760,blank,1,9
4,36,13,761,blank,1,9
4,36,14,762,blank,1,10
4,36,15,763,blank,1,11
4,36,16,764,blank,1,11
4,36,17,765,blank,1,11
4,36,18,766,blank,1,10
4,36,19,767,blank,1,9
4,36,20,768,blank,1,9
4,36,21,769,blank,1,8
4,36,22,770,blank,1,10
4,37,12,782,incongruent,1,10
4,37,13,783,congruent,1,9
4,37,14,784,congruent,1,10
4,37,15,785,incongruent,1,11
4,38,1,793,incongruent,1,10
4,38,3,795,incongruent,1,11
4,38,9,801,congruent,1,9
4,38,10,802,congruent,1,10
4,39,2,816,congruent,1,8
4,39,8,822,incongruent,1,10
4,39,20,834,incongruent,1,10
4,39,22,836,congruent,1,9
4,40,12,848,congruent,1,7
4,40,16,852,congruent,1,10
4,40,21,857,incongruent,1,10
4,40,22,858,incongruent,1,9
4,41,2,860,congruent,1,9
4,41,8,866,congruent,1,7
4,41,11,869,incongruent,1,13
4,41,18,876,incongruent,1,11
4,42,5,885,incongruent,1,10
4,42,9,889,congruent,1,6
4,42,10,890,incongruent,1,10
4,42,21,901,congruent,1,9
4,43,1,903,blank,1,10
4,43,2,904,blank,1,9
4,43,3,905,blank,1,8
4,43,4,906,blank,0,7
4,43,5,907,blank,1,9
4,43,6,908,blank,1,9
4,43,7,909,blank,1,10
4,43,8,910,blank,1,11
4,43,9,911,blank,1,7
4,43,10,912,blank,1,8
4,43,11,913,blank,1,9
4,43,12,914,blank,1,8
4,43,13,915,blank,1,8
4,43,14,916,blank,1,8
4,43,15,917,blank,0,9
4,43,16,918,blank,1,13
4,43,17,919,blank,1,9
4,43,18,920,blank,1,12
4,43,19,921,blank,1,9
4,43,20,922,blank,1,9
4,43,21,923,blank,1,10
4,43,22,924,blank,1,9
4,44,5,929,incongruent,1,9
4,44,8,932,congruent,1,8
4,44,10,934,incongruent,1,10
4,44,19,943,congruent,1,7
4,45,1,947,congruent,1,8
4,45,2,948,incongruent,1,10
4,45,9,955,incongruent,1,10
4,45,16,962,congruent,1,10
4,46,1,969,incongruent,1,9
4,46,4,972,incongruent,1,10
4,46,9,977,congruent,1,6
4,46,14,982,congruent,1,9
4,47,1,991,congruent,1,9
4,47,12,1002,incongruent,1,11
4,47,14,1004,incongruent,1,11
4,47,20,1010,congruent,1,8
4,48,6,1018,congruent,1,8
4,48,8,1020,congruent,1,6
4,48,9,1021,incongruent,1,10
4,48,16,1028,incongruent,1,9
4,49,2,1036,incongruent,0,6
4,49,3,1037,congruent,1,10
4,49,19,1053,congruent,1,7
4,49,20,1054,incongruent,1,11
4,50,2,1058,blank,1,9
4,50,3,1059,blank,1,8
4,50,4,1060,blank,1,9
4,50,5,1061,blank,1,8
4,50,6,1062,blank,1,8
4,50,7,1063,blank,1,9
4,50,8,1064,blank,1,9
4,50,9,1065,blank,1,7
4,50,10,1066,blank,0,7
4,50,11,1067,blank,1,10
4,50,12,1068,blank,1,9
4,50,13,1069,blank,1,8
4,50,14,1070,blank,1,9
4,50,15,1071,blank,1,9
4,50,16,1072,blank,1,8
4,50,17,1073,blank,1,9
4,50,18,1074,blank,1,9
4,50,19,1075,blank,1,8
4,50,20,1076,blank,1,9
4,50,21,1077,blank,1,9
4,50,22,1078,blank,1,10
4,51,12,1090,incongruent,1,10
4,51,15,1093,incongruent,1,11
4,51,17,1095,congruent,1,9
4,51,22,1100,congruent,1,9
4,52,1,1101,congruent,1,7
4,52,9,1109,congruent,1,9
4,52,12,1112,incongruent,1,10
4,52,20,1120,incongruent,1,9
4,53,13,1135,congruent,1,8
4,53,15,1137,incongruent,1,11
4,53,18,1140,incongruent,1,10
4,53,20,1142,congruent,1,10
4,54,3,1147,incongruent,1,10
4,54,7,1151,incongruent,1,11
4,54,10,1154,congruent,1,8
4,54,16,1160,congruent,1,9
4,55,4,1170,incongruent,1,9
4,55,7,1173,congruent,1,7
4,55,10,1176,incongruent,1,10
4,55,20,1186,congruent,1,4
4,56,3,1191,congruent,1,9
4,56,12,1200,congruent,1,6
4,56,13,1201,incongruent,1,9
4,56,19,1207,incongruent,1,9
4,57,2,1212,blank,1,10
4,57,3,1213,blank,1,9
4,57,4,1214,blank,1,10
4,57,5,1215,blank,1,9
4,57,6,1216,blank,1,8
4,57,7,1217,blank,1,8
4,57,8,1218,blank,1,8
4,57,9,1219,blank,1,9
4,57,10,1220,blank,1,9
4,57,11,1221,blank,1,8
4,57,12,1222,blank,1,8
4,57,13,1223,blank,1,9
4,57,14,1224,blank,1,7
4,57,15,1225,blank,1,8
4,57,16,1226,blank,1,7
4,57,17,1227,blank,1,9
4,57,18,1228,blank,1,8
4,57,19,1229,blank,0,8
4,57,20,1230,blank,1,11
4,57,21,1231,blank,1,10
4,57,22,1232,blank,1,11
4,58,6,1238,congruent,1,8
4,58,12,1244,congruent,1,8
4,58,16,1248,incongruent,1,9
4,58,22,1254,incongruent,1,9
4,59,1,1255,congruent,1,8
4,59,2,1256,incongruent,1,11
4,59,11,1265,incongruent,1,12
4,59,16,1270,congruent,1,9
4,60,8,1284,incongruent,1,12
4,60,18,1294,incongruent,1,10
4,60,21,1297,congruent,1,7
4,60,22,1298,congruent,1,8
4,61,5,1303,congruent,1,7
4,61,11,1309,congruent,1,9
4,61,16,1314,incongruent,1,10
4,61,21,1319,incongruent,1,11
4,62,1,1321,congruent,1,5
4,62,18,1338,incongruent,1,10
4,62,19,1339,incongruent,1,10
4,62,22,1342,congruent,1,10
4,63,7,1349,congruent,1,10
4,63,8,1350,incongruent,1,10
4,63,19,1361,congruent,1,10
4,63,20,1362,incongruent,1,10
4,64,2,1366,blank,1,10
4,64,3,1367,blank,1,13
4,64,4,1368,blank,0,10
4,64,5,1369,blank,1,9
4,64,6,1370,blank,1,10
4,64,7,1371,blank,1,8
4,64,8,1372,blank,0,8
4,64,9,1373,blank,1,11
4,64,10,1374,blank,1,9
4,64,11,1375,blank,1,9
4,64,12,1376,blank,1,9
4,64,13,1377,blank,1,9
4,64,14,1378,blank,1,8
4,64,15,1379,blank,1,10
4,64,16,1380,blank,1,10
4,64,17,1381,blank,1,8
4,64,18,1382,blank,1,8
4,64,19,1383,blank,1,9
4,64,20,1384,blank,1,8
4,64,21,1385,blank,1,9
4,64,22,1386,blank,1,10
4,65,1,1387,incongruent,1,10
4,65,2,1388,congruent,1,8
4,65,5,1391,incongruent,1,10
4,65,22,1408,congruent,1,9
4,66,8,1416,incongruent,1,11
4,66,10,1418,incongruent,0,5
4,66,13,1421,congruent,1,9
4,66,17,1425,congruent,1,7
4,67,10,1440,incongruent,1,9
4,67,13,1443,congruent,1,10
4,67,15,1445,incongruent,1,12
4,67,18,1448,congruent,1,8
4,68,5,1457,incongruent,1,10
4,68,6,1458,incongruent,1,9
4,68,10,1462,congruent,1,8
4,68,20,1472,congruent,1,6
4,69,4,1478,incongruent,1,10
4,69,6,1480,incongruent,1,10
4,69,10,1484,congruent,1,7
4,69,22,1496,congruent,1,9
4,70,1,1497,incongruent,1,13
4,70,5,1501,congruent,1,9
4,70,14,1510,incongruent,1,12
4,70,21,1517,congruent,1,10
4,71,1,1519,blank,1,10
4,71,2,1520,blank,1,9
4,71,3,1521,blank,1,9
4,71,4,1522,blank,0,8
4,71,5,1523,blank,1,9
4,71,6,1524,blank,1,7
4,71,7,1525,blank,1,8
4,71,8,1526,blank,1,9
4,71,9,1527,blank,1,9
4,71,10,1528,blank,1,9
4,71,11,1529,blank,1,7
4,71,12,1530,blank,0,8
4,71,13,1531,blank,1,8
4,71,14,1532,blank,1,8
4,71,15,1533,blank,1,10
4,71,16,1534,blank,1,8
4,71,17,1535,blank,1,8
4,71,18,1536,blank,1,8
4,71,19,1537,blank,1,10
4,71,20,1538,blank,0,9
4,71,21,1539,blank,1,10
4,71,22,1540,blank,0,8
5,2,2,2,congruent,1,6
5,2,6,6,congruent,1,6
5,2,7,7,incongruent,1,15
5,2,11,11,incongruent,0,7
5,3,6,28,incongruent,0,5
5,3,9,31,congruent,1,11
5,3,11,33,incongruent,1,13
5,3,13,35,congruent,1,12
5,4,1,45,congruent,1,5
5,4,4,48,incongruent,0,6
5,4,5,49,congruent,1,10
5,4,10,54,incongruent,0,5
5,5,5,71,congruent,1,4
5,5,8,74,incongruent,0,6
5,5,13,79,congruent,1,7
5,5,14,80,incongruent,0,7
5,6,12,100,congruent,1,7
5,6,14,102,incongruent,0,8
5,6,15,103,incongruent,0,6
5,6,16,104,congruent,1,10
5,7,11,121,incongruent,0,4
5,7,16,126,congruent,1,4
5,7,17,127,incongruent,0,6
5,7,22,132,congruent,1,6
5,8,1,133,blank,1,10
5,8,2,134,blank,1,8
5,8,3,135,blank,0,9
5,8,4,136,blank,1,11
5,8,5,137,blank,1,12
5,8,6,138,blank,1,9
5,8,7,139,blank,1,10
5,8,8,140,blank,1,11
5,8,9,141,blank,1,13
5,8,10,142,blank,1,13
5,8,11,143,blank,1,8
5,8,12,144,blank,1,9
5,8,13,145,blank,1,7
5,8,14,146,blank,1,12
5,8,15,147,blank,1,9
5,8,16,148,blank,1,10
5,8,17,149,blank,1,8
5,8,18,150,blank,0,7
5,8,19,151,blank,1,10
5,8,20,152,blank,1,8
5,8,21,153,blank,1,11
5,8,22,154,blank,1,11
5,9,11,165,incongruent,0,9
5,9,16,170,congruent,1,7
5,9,17,171,incongruent,0,8
5,9,22,176,congruent,1,5
5,10,2,178,incongruent,0,6
5,10,4,180,incongruent,1,11
5,10,12,188,congruent,1,9
5,10,19,195,congruent,1,6
5,11,4,202,congruent,1,5
5,11,12,210,incongruent,0,5
5,11,13,211,congruent,1,9
5,11,17,215,incongruent,1,13
5,12,6,226,incongruent,0,7
5,12,7,227,congruent,1,9
5,12,8,228,congruent,1,7
5,12,22,242,incongruent,1,11
5,13,4,246,congruent,1,7
5,13,6,248,congruent,1,8
5,13,8,250,incongruent,0,7
5,13,19,261,incongruent,0,4
5,14,1,265,incongruent,0,4
5,14,5,269,incongruent,1,3
5,14,7,271,congruent,1,5
5,14,12,276,congruent,1,7
5,15,1,287,blank,1,11
5,15,2,288,blank,0,7
5,15,3,289,blank,1,9
5,15,4,290,blank,1,11
5,15,5,291,blank,1,10
5,15,6,292,blank,1,11
5,15,7,293,blank,1,11
5,15,8,294,blank,1,10
5,15,9,295,blank,1,9
5,15,10,296,blank,1,11
5,15,11,297,blank,0,8
5,15,12,298,blank,1,11
5,15,13,299,blank,1,10
5,15,14,300,blank,1,9
5,15,15,301,blank,1,7
5,15,16,302,blank,1,10
5,15,17,303,blank,1,12
5,15,18,304,blank,1,12
5,15,19,305,blank,1,11
5,15,20,306,blank,1,10
5,15,21,307,blank,0,8
5,15,22,308,blank,1,14
5,16,3,311,incongruent,1,11
5,16,8,316,congruent,1,7
5,16,9,317,incongruent,0,11
5,16,18,326,congruent,1,10
5,17,4,334,incongruent,1,11
5,17,17,347,incongruent,0,5
5,17,20,350,congruent,1,11
5,17,22,352,congruent,1,8
5,18,2,354,congruent,1,5
5,18,3,355,congruent,1,5
5,18,5,357,incongruent,0,6
5,18,22,374,incongruent,0,5
5,19,9,383,incongruent,0,7
5,19,14,388,incongruent,1,15
5,19,17,391,congruent,1,7
5,19,22,396,congruent,1,8
5,20,6,402,congruent,1,8
5,20,18,414,congruent,1,9
5,20,19,415,incongruent,0,6
5,20,21,417,incongruent,0,7
5,21,2,420,incongruent,0,6
5,21,3,421,congruent,1,11
5,21,18,436,incongruent,0,8
5,21,21,439,congruent,1,9
5,22,1,441,blank,1,9
5,22,2,442,blank,1,10
5,22,3,443,blank,1,12
5,22,4,444,blank,1,10
5,22,5,445,blank,1,10
5,22,6,446,blank,1,9
5,22,7,447,blank,0,8
5,22,8,448,blank,1,11
5,22,9,449,blank,1,10
5,22,10,450,blank,1,9
5,22,11,451,blank,1,9
5,22,12,452,blank,1,10
5,22,13,453,blank,1,9
5,22,14,454,blank,1,8
5,22,15,455,blank,1,12
5,22,16,456,blank,1,9
5,22,17,457,blank,1,11
5,22,18,458,blank,0,8
5,22,19,459,blank,1,11
5,22,20,460,blank,1,10
5,22,21,461,blank,1,11
5,22,22,462,blank,1,9
5,23,8,470,congruent,1,7
5,23,13,475,incongruent,0,5
5,23,17,479,incongruent,0,6
5,23,20,482,congruent,1,7
5,24,10,494,congruent,1,8
5,24,15,499,congruent,1,9
5,24,20,504,incongruent,1,10
5,25,12,518,incongruent,0,6
5,25,13,519,congruent,1,11
5,25,14,520,congruent,1,7
5,25,15,521,incongruent,0,7
5,26,1,529,incongruent,0,6
5,26,3,531,incongruent,0,7
5,26,9,537,congruent,1,8
5,26,10,538,congruent,1,4
5,27,2,552,congruent,1,6
5,27,8,558,incongruent,0,6
5,27,22,572,congruent,1,7
5,28,12,584,congruent,1,8
5,28,16,588,congruent,1,6
5,28,21,593,incongruent,0,6
5,28,22,594,incongruent,0,6
5,29,3,597,blank,1,12
5,29,4,598,blank,1,11
5,29,5,599,blank,1,10
5,29,6,600,blank,1,8
5,29,7,601,blank,1,9
5,29,8,602,blank,1,9
5,29,9,603,blank,0,9
5,29,10,604,blank,1,11
5,29,11,605,blank,1,10
5,29,12,606,blank,1,9
5,29,13,607,blank,1,7
5,29,14,608,blank,0,10
5,29,15,609,blank,1,12
5,29,16,610,blank,1,11
5,29,17,611,blank,1,9
5,29,18,612,blank,1,10
5,29,19,613,blank,0,8
5,29,20,614,blank,1,10
5,29,21,615,blank,1,11
5,29,22,616,blank,1,10
5,30,2,618,congruent,1,6
5,30,8,624,congruent,1,6
5,30,11,627,incongruent,1,14
5,30,18,634,incongruent,1,12
5,31,5,643,incongruent,0,5
5,31,9,647,congruent,1,7
5,31,10,648,incongruent,0,5
5,31,21,659,congruent,1,7
5,32,5,665,incongruent,0,6
5,32,8,668,congruent,1,5
5,32,10,670,incongruent,0,9
5,32,19,679,congruent,1,7
5,33,1,683,congruent,1,7
5,33,2,684,incongruent,0,6
5,33,16,698,congruent,1,8
5,34,1,705,incongruent,0,5
5,34,4,708,incongruent,1,11
5,34,9,713,congruent,1,9
5,34,14,718,congruent,1,7
5,35,1,727,congruent,1,5
5,35,12,738,incongruent,0,8
5,35,14,740,incongruent,1,12
5,35,20,746,congruent,1,8
5,36,1,749,blank,1,10
5,36,2,750,blank,1,10
5,36,3,751,blank,1,10
5,36,4,752,blank,1,8
5,36,5,753,blank,1,12
5,36,6,754,blank,1,9
5,36,7,755,blank,1,10
5,36,8,756,blank,1,11
5,36,9,757,blank,1,8
5,36,10,758,blank,0,9
5,36,11,759,blank,1,8
5,36,12,760,blank,1,11
5,36,13,761,blank,1,9
5,36,14,762,blank,1,9
5,36,15,763,blank,1,9
5,36,16,764,blank,1,12
5,36,17,765,blank,1,10
5,36,18,766,blank,0,8
5,36,19,767,blank,1,9
5,36,20,768,blank,1,9
5,36,21,769,blank,1,14
5,36,22,770,blank,1,14
5,37,6,776,congruent,1,6
5,37,8,778,congruent,1,7
5,37,9,779,incongruent,1,10
5,37,16,786,incongruent,1,12
5,38,2,794,incongruent,0,5
5,38,3,795,congruent,1,5
5,38,19,811,congruent,1,9
5,38,20,812,incongruent,0,6
5,39,12,826,incongruent,0,7
5,39,15,829,incongruent,0,7
5,39,17,831,congruent,1,9
5,39,22,836,congruent,1,10
5,40,1,837,congruent,1,5
5,40,9,845,congruent,1,8
5,40,12,848,incongruent,0,6
5,40,20,856,incongruent,0,4
5,41,13,871,congruent,1,6
5,41,15,873,incongruent,1,13
5,41,18,876,incongruent,1,12
5,41,20,878,congruent,1,9
5,42,3,883,incongruent,0,7
5,42,7,887,incongruent,1,14
5,42,10,890,congruent,1,13
5,42,16,896,congruent,1,7
5,43,1,903,blank,1,10
5,43,2,904,blank,1,11
5,43,3,905,blank,1,11
5,43,4,906,blank,1,10
5,43,5,907,blank,1,10
5,43,6,908,blank,1,12
5,43,7,909,blank,1,10
5,43,8,910,blank,1,11
5,43,9,911,blank,1,9
5,43,10,912,blank,1,11
5,43,11,913,blank,1,10
5,43,12,914,blank,1,13
5,43,13,915,blank,1,10
5,43,14,916,blank,1,9
5,43,15,917,blank,1,7
5,43,16,918,blank,1,8
5,43,17,919,blank,1,12
5,43,18,920,blank,1,10
5,43,19,921,blank,1,8
5,43,20,922,blank,1,9
5,43,21,923,blank,1,7
5,43,22,924,blank,1,10
5,44,4,928,incongruent,0,5
5,44,7,931,congruent,1,8
5,44,10,934,incongruent,0,8
5,44,20,944,congruent,1,6
5,45,3,949,congruent,1,5
5,45,12,958,congruent,1,7
5,45,13,959,incongruent,0,5
5,45,19,965,incongruent,1,12
5,46,6,974,congruent,1,5
5,46,12,980,congruent,1,7
5,46,16,984,incongruent,0,10
5,46,22,990,incongruent,0,7
5,47,1,991,congruent,1,6
5,47,2,992,incongruent,0,5
5,47,11,1001,incongruent,1,14
5,47,16,1006,congruent,1,6
5,48,8,1020,incongruent,0,8
5,48,18,1030,incongruent,0,5
5,48,21,1033,congruent,1,7
5,48,22,1034,congruent,1,4
5,49,5,1039,congruent,1,8
5,49,11,1045,congruent,1,9
5,49,16,1050,incongruent,0,4
5,49,21,1055,incongruent,1,10
5,50,1,1057,blank,1,10
5,50,2,1058,blank,1,10
5,50,3,1059,blank,1,11
5,50,4,1060,blank,1,11
5,50,5,1061,blank,1,9
5,50,6,1062,blank,1,10
5,50,7,1063,blank,1,11
5,50,8,1064,blank,1,10
5,50,9,1065,blank,0,9
5,50,10,1066,blank,1,12
5,50,11,1067,blank,1,11
5,50,12,1068,blank,1,13
5,50,13,1069,blank,1,10
5,50,14,1070,blank,1,10
5,50,15,1071,blank,1,11
5,50,16,1072,blank,1,11
5,50,17,1073,blank,1,8
5,50,18,1074,blank,1,11
5,50,19,1075,blank,0,10
5,50,20,1076,blank,1,11
5,50,21,1077,blank,1,10
5,50,22,1078,blank,1,12
5,51,1,1079,congruent,1,5
5,51,18,1096,incongruent,0,6
5,51,22,1100,congruent,1,5
5,52,7,1107,congruent,1,7
5,52,8,1108,incongruent,0,7
5,52,19,1119,congruent,1,4
5,52,20,1120,incongruent,1,10
5,53,1,1123,incongruent,0,5
5,53,2,1124,congruent,1,12
5,53,5,1127,incongruent,1,13
5,53,22,1144,congruent,1,9
5,54,8,1152,incongruent,0,4
5,54,10,1154,incongruent,1,12
5,54,13,1157,congruent,1,9
5,54,17,1161,congruent,1,6
5,55,10,1176,incongruent,0,7
5,55,13,1179,congruent,1,6
5,55,15,1181,incongruent,1,9
5,55,18,1184,congruent,1,10
5,56,5,1193,incongruent,0,7
5,56,10,1198,congruent,1,8
5,56,20,1208,congruent,1,12
5,57,1,1211,blank,1,10
5,57,2,1212,blank,1,7
5,57,3,1213,blank,1,7
5,57,4,1214,blank,1,8
5,57,5,1215,blank,1,9
5,57,6,1216,blank,1,10
5,57,7,1217,blank,0,8
5,57,8,1218,blank,1,12
5,57,9,1219,blank,1,8
5,57,10,1220,blank,1,8
5,57,11,1221,blank,1,12
5,57,12,1222,blank,1,9
5,57,13,1223,blank,1,11
5,57,14,1224,blank,1,8
5,57,15,1225,blank,1,9
5,57,16,1226,blank,1,10
5,57,17,1227,blank,1,9
5,57,18,1228,blank,0,8
5,57,19,1229,blank,1,11
5,57,20,1230,blank,0,7
5,57,21,1231,blank,1,10
5,57,22,1232,blank,1,10
5,58,4,1236,incongruent,1,11
5,58,6,1238,incongruent,0,6
5,58,10,1242,congruent,1,7
5,58,22,1254,congruent,1,7
5,59,1,1255,incongruent,0,6
5,59,5,1259,congruent,1,6
5,59,14,1268,incongruent,0,7
5,59,21,1275,congruent,1,6
5,60,2,1278,incongruent,0,6
5,60,3,1279,congruent,1,11
5,60,11,1287,congruent,1,9
5,60,17,1293,incongruent,0,6
5,61,10,1308,incongruent,0,8
5,61,11,1309,congruent,1,7
5,61,20,1318,incongruent,1,13
5,61,22,1320,congruent,1,9
5,62,3,1323,incongruent,0,6
5,62,5,1325,congruent,1,6
5,62,14,1334,incongruent,0,6
5,63,9,1351,incongruent,0,7
5,63,12,1354,congruent,1,6
5,63,15,1357,congruent,1,7
5,63,21,1363,incongruent,1,11
5,64,1,1365,blank,1,11
5,64,2,1366,blank,1,10
5,64,3,1367,blank,1,9
5,64,4,1368,blank,1,10
5,64,5,1369,blank,1,10
5,64,6,1370,blank,1,10
5,64,7,1371,blank,1,10
5,64,8,1372,blank,0,9
5,64,9,1373,blank,1,10
5,64,10,1374,blank,1,10
5,64,11,1375,blank,1,8
5,64,12,1376,blank,1,10
5,64,13,1377,blank,0,9
5,64,14,1378,blank,1,9
5,64,15,1379,blank,1,9
5,64,16,1380,blank,1,8
5,64,17,1381,blank,1,6
5,64,18,1382,blank,0,8
5,64,19,1383,blank,1,10
5,64,20,1384,blank,1,11
5,64,21,1385,blank,1,13
5,64,22,1386,blank,1,9
5,65,6,1392,incongruent,1,9
5,65,8,1394,congruent,1,7
5,65,9,1395,congruent,1,5
5,65,16,1402,incongruent,0,6
5,66,1,1409,congruent,1,5
5,66,4,1412,congruent,1,5
5,66,6,1414,incongruent,1,14
5,66,18,1426,incongruent,0,7
5,67,8,1438,congruent,1,7
5,67,15,1445,congruent,1,10
5,67,21,1451,incongruent,0,7
5,67,22,1452,incongruent,0,7
5,68,2,1454,congruent,1,9
5,68,3,1455,incongruent,1,11
5,68,14,1466,congruent,1,8
5,68,15,1467,incongruent,0,9
5,69,2,1476,congruent,1,5
5,69,11,1485,incongruent,0,8
5,69,18,1492,incongruent,0,7
5,69,20,1494,congruent,1,8
5,70,14,1510,congruent,1,7
5,70,15,1511,congruent,1,8
5,70,16,1512,incongruent,0,6
5,70,17,1513,incongruent,1,11
5,71,1,1519,blank,1,11
5,71,3,1521,blank,1,11
5,71,4,1522,blank,1,11
5,71,5,1523,blank,1,9
5,71,6,1524,blank,0,9
5,71,7,1525,blank,1,8
5,71,8,1526,blank,1,13
5,71,9,1527,blank,1,12
5,71,10,1528,blank,0,8
5,71,11,1529,blank,1,10
5,71,12,1530,blank,0,10
5,71,13,1531,blank,1,10
5,71,14,1532,blank,1,11
5,71,15,1533,blank,1,10
5,71,16,1534,blank,1,11
5,71,17,1535,blank,1,12
5,71,18,1536,blank,1,9
5,71,19,1537,blank,1,9
5,71,20,1538,blank,1,11
5,71,21,1539,blank,1,11
5,71,22,1540,blank,1,10
6,2,1,1,congruent,1,11
6,2,4,4,incongruent,1,11
6,2,22,22,incongruent,1,12
6,3,9,31,congruent,1,10
6,3,15,37,incongruent,1,11
6,3,18,40,congruent,1,10
6,4,9,53,congruent,1,12
6,4,12,56,incongruent,1,14
6,4,18,62,congruent,1,11
6,4,20,64,incongruent,0,5
6,5,6,72,congruent,1,11
6,5,9,75,congruent,1,9
6,5,16,82,incongruent,1,14
6,6,4,92,congruent,1,9
6,6,9,97,congruent,1,9
6,7,4,114,congruent,1,7
6,7,7,117,congruent,1,9
6,7,14,124,incongruent,1,13
6,7,16,126,incongruent,1,12
6,8,1,133,blank,1,14
6,8,4,136,blank,1,8
6,8,6,138,blank,1,13
6,8,7,139,blank,1,8
6,8,8,140,blank,1,8
6,8,9,141,blank,1,7
6,8,10,142,blank,1,9
6,8,11,143,blank,1,13
6,8,12,144,blank,1,11
6,8,13,145,blank,1,9
6,8,14,146,blank,0,7
6,8,15,147,blank,1,9
6,8,16,148,blank,1,10
6,8,17,149,blank,1,10
6,8,18,150,blank,1,11
6,8,19,151,blank,1,10
6,8,20,152,blank,1,10
6,8,21,153,blank,1,13
6,8,22,154,blank,1,11
6,9,4,158,congruent,1,8
6,9,7,161,congruent,1,7
6,10,7,183,congruent,1,7
6,10,12,188,incongruent,0,7
6,10,13,189,congruent,1,13
6,11,2,200,incongruent,1,12
6,11,14,212,incongruent,1,15
6,11,15,213,congruent,1,12
6,11,18,216,congruent,1,7
6,12,2,222,congruent,1,6
6,12,8,228,congruent,1,8
6,12,18,238,incongruent,0,9
6,13,2,244,incongruent,0,7
6,13,4,246,incongruent,0,8
6,13,6,248,congruent,1,9
6,13,19,261,congruent,1,8
6,14,16,280,congruent,1,8
6,14,17,281,incongruent,0,7
6,14,21,285,congruent,1,8
6,15,1,287,blank,1,9
6,15,2,288,blank,1,13
6,15,3,289,blank,1,11
6,15,4,290,blank,1,10
6,15,5,291,blank,1,13
6,15,6,292,blank,1,12
6,15,7,293,blank,1,13
6,15,8,294,blank,1,15
6,15,9,295,blank,1,13
6,15,10,296,blank,1,14
6,15,11,297,blank,1,13
6,15,12,298,blank,1,13
6,15,13,299,blank,1,12
6,15,14,300,blank,1,11
6,15,15,301,blank,1,13
6,15,16,302,blank,1,11
6,15,17,303,blank,1,10
6,15,18,304,blank,1,11
6,15,19,305,blank,1,8
6,15,20,306,blank,1,12
6,15,21,307,blank,1,13
6,15,22,308,blank,1,11
6,16,3,311,congruent,1,11
6,16,9,317,congruent,1,12
6,16,21,329,incongruent,1,12
6,17,2,332,incongruent,1,11
6,17,3,333,incongruent,1,12
6,17,9,339,congruent,1,10
6,17,11,341,congruent,1,8
6,18,2,354,congruent,1,7
6,18,9,361,congruent,1,9
6,18,18,370,incongruent,0,6
6,19,6,380,incongruent,1,14
6,19,11,385,congruent,1,14
6,19,14,388,incongruent,1,15
6,19,20,394,congruent,1,8
6,20,3,399,congruent,1,8
6,20,7,403,congruent,1,9
6,20,11,407,incongruent,1,14
6,21,17,435,congruent,1,8
6,21,18,436,congruent,1,7
6,22,1,441,blank,1,10
6,22,2,442,blank,0,7
6,22,3,443,blank,0,8
6,22,4,444,blank,1,13
6,22,5,445,blank,1,13
6,22,6,446,blank,1,10
6,22,7,447,blank,1,13
6,22,8,448,blank,1,12
6,22,9,449,blank,1,12
6,22,10,450,blank,1,10
6,22,11,451,blank,1,12
6,22,12,452,blank,1,10
6,22,13,453,blank,1,13
6,22,14,454,blank,1,12
6,22,15,455,blank,1,12
6,22,16,456,blank,1,9
6,22,17,457,blank,1,9
6,22,18,458,blank,1,8
6,22,19,459,blank,1,12
6,22,20,460,blank,1,12
6,22,21,461,blank,1,9
6,22,22,462,blank,1,11
6,23,8,470,congruent,1,12
6,23,12,474,congruent,1,9
6,23,15,477,incongruent,1,11
6,23,22,484,incongruent,1,13
6,24,13,497,congruent,1,15
6,24,16,500,incongruent,1,12
6,24,22,506,congruent,1,8
6,25,6,512,congruent,1,7
6,25,7,513,congruent,1,3
6,25,13,519,incongruent,0,6
6,26,6,534,incongruent,0,8
6,26,10,538,congruent,1,13
6,26,14,542,congruent,1,6
6,26,16,544,incongruent,0,7
6,27,1,551,congruent,1,8
6,27,6,556,incongruent,1,15
6,27,8,558,incongruent,0,7
6,27,9,559,congruent,1,10
6,28,7,579,incongruent,0,7
6,28,10,582,congruent,1,8
6,28,16,588,congruent,1,8
6,29,1,595,blank,1,9
6,29,2,596,blank,1,9
6,29,3,597,blank,1,14
6,29,4,598,blank,1,10
6,29,5,599,blank,1,15
6,29,6,600,blank,1,10
6,29,7,601,blank,1,13
6,29,8,602,blank,1,10
6,29,9,603,blank,1,13
6,29,10,604,blank,1,9
6,29,11,605,blank,1,12
6,29,12,606,blank,1,12
6,29,13,607,blank,1,11
6,29,14,608,blank,1,14
6,29,15,609,blank,1,11
6,29,16,610,blank,1,12
6,29,17,611,blank,1,13
6,29,18,612,blank,1,12
6,29,19,613,blank,1,12
6,29,20,614,blank,1,10
6,29,21,615,blank,1,12
6,29,22,616,blank,1,11
6,30,6,622,incongruent,0,8
6,30,8,624,congruent,1,13
6,30,21,637,congruent,1,6
6,31,1,639,congruent,1,7
6,31,7,645,congruent,1,8
6,31,8,646,incongruent,0,8
6,32,3,663,incongruent,0,5
6,32,8,668,congruent,1,7
6,32,18,678,congruent,1,10
6,33,1,683,incongruent,0,8
6,33,19,701,congruent,1,8
6,33,22,704,congruent,1,9
6,34,4,708,congruent,1,5
6,34,5,709,incongruent,0,5
6,34,18,722,congruent,1,7
6,34,20,724,incongruent,1,14
6,35,2,728,incongruent,0,7
6,35,18,744,congruent,1,8
6,35,21,747,congruent,1,9
6,36,1,749,blank,1,11
6,36,2,750,blank,1,11
6,36,3,751,blank,1,12
6,36,4,752,blank,1,12
6,36,5,753,blank,1,10
6,36,6,754,blank,1,8
6,36,7,755,blank,1,8
6,36,8,756,blank,1,7
6,36,9,757,blank,1,13
6,36,10,758,blank,1,9
6,36,11,759,blank,0,7
6,36,12,760,blank,1,10
6,36,13,761,blank,1,12
6,36,14,762,blank,1,9
6,36,15,763,blank,1,10
6,36,16,764,blank,1,10
6,36,17,765,blank,1,11
6,36,18,766,blank,1,11
6,36,19,767,blank,1,12
6,36,20,768,blank,1,13
6,36,21,769,blank,1,11
6,36,22,770,blank,1,9
6,37,3,773,congruent,1,8
6,37,4,774,incongruent,0,5
6,37,5,775,congruent,1,9
6,38,6,798,congruent,1,9
6,38,11,803,incongruent,0,7
6,38,13,805,congruent,1,8
6,38,22,814,incongruent,0,7
6,39,3,817,congruent,1,8
6,39,7,821,incongruent,1,12
6,39,18,832,incongruent,0,9
6,39,22,836,congruent,1,10
6,40,6,842,congruent,1,8
6,40,7,843,congruent,1,6
6,40,10,846,incongruent,1,12
6,40,15,851,incongruent,1,13
6,41,11,869,congruent,1,10
6,41,14,872,incongruent,1,14
6,41,15,873,congruent,1,10
6,41,18,876,incongruent,1,14
6,42,2,882,incongruent,0,6
6,42,9,889,congruent,1,9
6,42,12,892,incongruent,0,9
6,42,13,893,congruent,1,12
6,43,1,903,blank,1,13
6,43,2,904,blank,1,10
6,43,3,905,blank,1,12
6,43,4,906,blank,1,11
6,43,5,907,blank,1,10
6,43,6,908,blank,1,9
6,43,7,909,blank,1,8
6,43,8,910,blank,1,8
6,43,9,911,blank,0,9
6,43,10,912,blank,1,9
6,43,11,913,blank,1,10
6,43,12,914,blank,1,9
6,43,13,915,blank,1,10
6,43,14,916,blank,1,10
6,43,15,917,blank,1,9
6,43,16,918,blank,0,7
6,43,17,919,blank,1,11
6,43,18,920,blank,1,12
6,43,19,921,blank,1,11
6,43,20,922,blank,1,12
6,43,21,923,blank,1,12
6,43,22,924,blank,1,11
6,44,9,933,incongruent,1,13
6,44,14,938,congruent,1,9
6,44,19,943,congruent,1,7
6,45,6,952,congruent,1,7
6,45,14,960,congruent,1,8
6,45,15,961,incongruent,0,7
6,45,18,964,incongruent,0,7
6,46,10,978,congruent,1,7
6,46,11,979,congruent,1,7
6,46,15,983,incongruent,1,12
6,46,16,984,incongruent,0,9
6,47,4,994,incongruent,0,7
6,47,5,995,congruent,1,7
6,47,20,1010,incongruent,0,8
6,47,21,1011,congruent,1,9
6,48,2,1014,congruent,1,7
6,48,5,1017,incongruent,1,12
6,48,9,1021,congruent,1,8
6,48,22,1034,incongruent,0,7
6,49,11,1045,congruent,1,8
6,49,15,1049,congruent,1,10
6,49,20,1054,incongruent,0,7
6,50,1,1057,blank,1,14
6,50,2,1058,blank,1,13
6,50,3,1059,blank,0,11
6,50,4,1060,blank,1,14
6,50,5,1061,blank,1,13
6,50,6,1062,blank,1,12
6,50,7,1063,blank,1,10
6,50,8,1064,blank,1,11
6,50,9,1065,blank,1,10
6,50,10,1066,blank,1,10
6,50,11,1067,blank,0,7
6,50,12,1068,blank,1,10
6,50,13,1069,blank,1,13
6,50,14,1070,blank,1,11
6,50,15,1071,blank,1,10
6,50,16,1072,blank,0,8
6,50,17,1073,blank,1,15
6,50,18,1074,blank,1,10
6,50,19,1075,blank,1,12
6,50,20,1076,blank,1,12
6,50,21,1077,blank,1,11
6,50,22,1078,blank,1,12
6,51,6,1084,incongruent,0,6
6,51,16,1094,congruent,1,9
6,51,19,1097,congruent,1,9
6,51,20,1098,incongruent,1,15
6,52,9,1109,incongruent,1,14
6,52,10,1110,congruent,1,8
6,52,15,1115,incongruent,0,8
6,52,21,1121,congruent,1,8
6,53,4,1126,incongruent,1,13
6,53,5,1127,congruent,1,8
6,53,16,1138,incongruent,0,7
6,53,19,1141,congruent,1,6
6,54,3,1147,incongruent,0,6
6,54,5,1149,incongruent,0,7
6,54,18,1162,congruent,1,7
6,54,19,1163,congruent,1,8
6,55,6,1172,congruent,1,8
6,55,11,1177,incongruent,0,7
6,55,12,1178,congruent,1,9
6,56,2,1190,incongruent,1,14
6,56,10,1198,congruent,1,8
6,56,19,1207,congruent,1,8
6,56,21,1209,incongruent,1,14
6,57,2,1212,blank,1,11
6,57,3,1213,blank,1,11
6,57,4,1214,blank,1,9
6,57,5,1215,blank,1,14
6,57,6,1216,blank,1,10
6,57,7,1217,blank,1,11
6,57,8,1218,blank,1,9
6,57,9,1219,blank,1,11
6,57,10,1220,blank,1,11
6,57,11,1221,blank,1,11
6,57,12,1222,blank,1,11
6,57,13,1223,blank,1,9
6,57,14,1224,blank,1,11
6,57,15,1225,blank,1,13
6,57,16,1226,blank,1,10
6,57,17,1227,blank,1,10
6,57,18,1228,blank,1,10
6,57,19,1229,blank,1,10
6,57,20,1230,blank,1,11
6,57,21,1231,blank,1,13
6,57,22,1232,blank,1,13
6,58,10,1242,congruent,1,9
6,58,12,1244,incongruent,1,13
6,58,20,1252,congruent,1,8
6,59,3,1257,congruent,1,8
6,59,5,1259,incongruent,0,8
6,59,9,1263,incongruent,0,6
6,59,21,1275,congruent,0,14
6,60,12,1288,incongruent,0,8
6,60,15,1291,congruent,1,9
6,60,22,1298,congruent,1,9
6,61,9,1307,congruent,1,6
6,61,11,1309,congruent,1,10
6,61,12,1310,incongruent,1,13
6,62,11,1331,incongruent,1,13
6,62,13,1333,congruent,1,8
6,62,17,1337,incongruent,1,13
6,62,21,1341,congruent,1,8
6,63,6,1348,congruent,1,6
6,63,21,1363,incongruent,0,8
6,63,22,1364,congruent,1,15
6,64,1,1365,blank,1,14
6,64,2,1366,blank,1,15
6,64,3,1367,blank,1,13
6,64,4,1368,blank,1,10
6,64,5,1369,blank,1,13
6,64,6,1370,blank,1,12
6,64,7,1371,blank,1,11
6,64,8,1372,blank,1,11
6,64,9,1373,blank,1,9
6,64,10,1374,blank,1,13
6,64,11,1375,blank,1,12
6,64,12,1376,blank,1,10
6,64,13,1377,blank,0,9
6,64,14,1378,blank,1,11
6,64,15,1379,blank,1,10
6,64,16,1380,blank,1,9
6,64,17,1381,blank,1,9
6,64,18,1382,blank,1,8
6,64,19,1383,blank,1,12
6,64,20,1384,blank,1,11
6,64,21,1385,blank,1,10
6,64,22,1386,blank,1,13
6,65,9,1395,congruent,1,9
6,65,17,1403,congruent,1,7
6,65,18,1404,incongruent,0,6
6,65,19,1405,incongruent,0,7
6,66,2,1410,congruent,1,8
6,66,11,1419,incongruent,0,6
6,66,18,1426,congruent,1,15
6,67,2,1432,congruent,1,9
6,67,5,1435,incongruent,0,8
6,67,7,1437,congruent,1,9
6,67,20,1450,incongruent,0,7
6,68,1,1453,congruent,1,11
6,68,3,1455,incongruent,0,8
6,68,5,1457,congruent,1,10
6,68,13,1465,incongruent,0,7
6,69,4,1478,incongruent,1,14
6,69,6,1480,congruent,1,7
6,69,8,1482,incongruent,1,12
6,69,21,1495,congruent,1,9
6,70,1,1497,congruent,1,12
6,70,3,1499,congruent,1,10
6,70,4,1500,incongruent,0,7
6,70,11,1507,incongruent,0,7
6,71,1,1519,blank,1,12
6,71,2,1520,blank,1,14
6,71,3,1521,blank,1,11
6,71,4,1522,blank,1,11
6,71,5,1523,blank,1,11
6,71,6,1524,blank,1,13
6,71,7,1525,blank,1,11
6,71,8,1526,blank,1,9
6,71,9,1527,blank,0,8
6,71,10,1528,blank,1,12
6,71,11,1529,blank,1,10
6,71,12,1530,blank,1,11
6,71,13,1531,blank,1,12
6,71,14,1532,blank,1,12
6,71,15,1533,blank,1,12
6,71,16,1534,blank,1,11
6,71,17,1535,blank,1,12
6,71,18,1536,blank,1,11
6,71,19,1537,blank,1,10
6,71,20,1538,blank,1,11
6,71,21,1539,blank,1,11
6,71,22,1540,blank,1,11
